CODIGO;DISTRITO;DEPARTAMENTO;MUNICIPIO;ESTABLECIMIENTO;DIRECCION;TELEFONO;SUPERVISOR;DIRECTOR;NIVEL;SECTOR;AREA;STATUS;MODALIDAD;JORNADA;PLAN;DEPARTAMENTAL
17-01-0035-46;17-001;PETEN;FLORES;INSTITUTO PRIVADO DE EDUCACION DIVERSIFICADA DIEGO AMERICO CETINA PACHECO;BARRIO SANTA ELENA;;RODOLFO MEDINA;----;DIVERSIFICADO;PRIVADO;URBANA;ABIERTA;MONOLINGUE;NOCTURNA;DIARIO(REGULAR);PETÉN
17-01-0039-46;17-;PETEN;FLORES;INSTITUTO NOCTURNO DE CIENCIAS COMERCIALES Y ACADEMIA ANEXA;BARRIO SANTA ELENA;;JOSE FRANCISCO OLAN PONCE;;DIVERSIFICADO;PRIVADO;URBANA;CERRADA TEMPORALMENTE;MONOLINGUE;NOCTURNA;DIARIO(REGULAR);PETÉN
17-01-0064-46;17-001;PETEN;FLORES;INSTITUTO NACIONAL DE EDUCACION DIVERSIFICADA;ALDEA IXLU;36084404;RODOLFO MEDINA;BLANCA GRISELDA GAITÁN LOYA;DIVERSIFICADO;OFICIAL;RURAL;ABIERTA;MONOLINGUE;VESPERTINA;DIARIO(REGULAR);PETÉN
17-01-0070-46;17-001;PETEN;FLORES;"CENTRO EDUCATIVO INTEGRAL ""PAULO FREIRE""";ZONA 2;79264648;RODOLFO MEDINA;EFREN PORTILLO;DIVERSIFICADO;PRIVADO;URBANA;CERRADA TEMPORALMENTE;MONOLINGUE;MATUTINA;DIARIO(REGULAR);PETÉN
17-01-0081-46;17-030;PETEN;FLORES;COLEGIO DE EDUCACION MEDIA SAN ISIDRO;ALDEA IXLU;55164373;RODOLFO MEDINA;RUTILIA SALGUERO CASTRO;DIVERSIFICADO;PRIVADO;RURAL;ABIERTA;MONOLINGUE;DOBLE;FIN DE SEMANA;PETÉN
17-01-0083-46;17-001;PETEN;FLORES;COLEGIO INTEGRADO DE EDUCACION PROFRESIONAL DE PETEN, CIEPP;ALDEA IXLU;78215568;RODOLFO MEDINA;EVELYN MIGDALIA TORALLA LOPEZ;DIVERSIFICADO;PRIVADO;RURAL;CERRADA TEMPORALMENTE;MONOLINGUE;DOBLE;FIN DE SEMANA;PETÉN
17-01-0085-46;17-001;PETEN;FLORES;LICEO PETENERO EN CIENCIAS ADMINISTRATIVAS, RECURSOS NATURALES Y TURISMO;CALLE LIMITE, FRENTE AL ORGANISMO JUDICIAL, A UN COSTADO DE LOS DERECHOS HUMANOS;79261560;RODOLFO MEDINA;ERWIN AUGUSTO LOPEZ Y LOPEZ;DIVERSIFICADO;PRIVADO;URBANA;CERRADA TEMPORALMENTE;MONOLINGUE;MATUTINA;DIARIO(REGULAR);PETÉN
17-01-0086-46;17-001;PETEN;FLORES;LICEO PETENERO EN CIENCIAS ADMINISTRATIVAS, RECURSOS NATURALES Y TURISMO;CALLE LIMITE, FRENTE A ORGANISMO JUDICIAL, A UN COSTADO DE LOS DERECHOS HUMANOS;79261560;RODOLFO MEDINA;ERWIN AUGUSTO LOPEZ Y LOPEZ;DIVERSIFICADO;PRIVADO;URBANA;CERRADA TEMPORALMENTE;MONOLINGUE;VESPERTINA;DIARIO(REGULAR);PETÉN
17-01-0091-46;17-030;PETEN;FLORES;"COLEGIO CRISTIANO ""EL-HASHAMAYIM""";7A. AVENIDA 1-65 ZONA 2, SANTA ELENA DE LA CRUZ SANTA ELENA DE LA CRUZ FLORES;79261812;RODOLFO MEDINA;JORGE ULICES RUANO CANO;DIVERSIFICADO;PRIVADO;URBANA;ABIERTA;MONOLINGUE;VESPERTINA;DIARIO(REGULAR);PETÉN
17-01-0099-46;17-001;PETEN;FLORES;CENTRO EDUCATIVO DEL NAZARENO;4A. CALLE A 5-55 ZONA 1, SANTA ELENA DE LA CRUZ;79263311;RODOLFO MEDINA;ERWIN DAVID LOPEZ OCHAETA;DIVERSIFICADO;PRIVADO;URBANA;CERRADA TEMPORALMENTE;MONOLINGUE;VESPERTINA;DIARIO(REGULAR);PETÉN
17-01-0100-46;17-001;PETEN;FLORES;INSTITUTO TECNOLOGICO AGROFORESTAL CENTRO MAYA;SANTA ELENA DE LA CRUZ;79264718;RODOLFO MEDINA;EDGAR ROLANDO CHAYAX MOLINA;DIVERSIFICADO;PRIVADO;URBANA;CERRADA TEMPORALMENTE;MONOLINGUE;DOBLE;DIARIO(REGULAR);PETÉN
17-01-0104-46;17-001;PETEN;FLORES;COLEGIO EDUCATIVO PRIVADO RIVERA;ALDEA PAXCAMAN;49355352;RODOLFO MEDINA;MANUEL DE JESÚS RIVERA GÓMEZ;DIVERSIFICADO;PRIVADO;RURAL;CERRADA TEMPORALMENTE;MONOLINGUE;NOCTURNA;DIARIO(REGULAR);PETÉN
17-01-0106-46;17-001;PETEN;FLORES;"INSTITUTO TECNICO DE EDUCACION MEDIA DE PETEN ""ITEMP""";6TA. AVE. ENTRE 3RA. Y 4TA. CALLE ZONA 1 SANTA ELENA;50357085;RODOLFO MEDINA;GLADIS CELENI ZAMORA MORALES DE CHOC;DIVERSIFICADO;OFICIAL;URBANA;ABIERTA;MONOLINGUE;MATUTINA;DIARIO(REGULAR);PETÉN
17-01-0110-46;17-030;PETEN;FLORES;"CENTRO EDUCATIVO CRISTIANO ""GÉNESIS""";ALDEA PAXCAMAN;50174360;RODOLFO MEDINA;ALMEIDA ESTER BIN TENI;DIVERSIFICADO;PRIVADO;RURAL;ABIERTA;MONOLINGUE;VESPERTINA;DIARIO(REGULAR);PETÉN
17-01-0124-46;17-030;PETEN;FLORES;COLEGIO DE EDUCACIÓN MEDIA SAN ISIDRO;CASERIO IXLU;57817572;RODOLFO MEDINA;ORISELDA GUTIÉRREZ MOLINA;DIVERSIFICADO;PRIVADO;RURAL;ABIERTA;MONOLINGUE;VESPERTINA;DIARIO(REGULAR);PETÉN
17-01-0125-46;17-001;PETEN;FLORES;INSTITUTO COMERCIAL VILLA CONCEPCION;BARRIO VILLA CONCEPCION;78675253;RODOLFO MEDINA;VERÓNICA MILDRED MAS REYES;DIVERSIFICADO;PRIVADO;URBANA;CERRADA TEMPORALMENTE;MONOLINGUE;DOBLE;FIN DE SEMANA;PETÉN
17-01-0128-46;17-030;PETEN;FLORES;"INSTITUTO COMERCIAL ""VILLA CONCEPCION""";AVENIDA ZONA 2, DE LA PRIMERA LOTIFICACION SANTA ELENA, FLORES, PETEN;74248180;RODOLFO MEDINA;BÁRBARA MARIANELA MELGAR CEBALLOS;DIVERSIFICADO;PRIVADO;URBANA;ABIERTA;MONOLINGUE;MATUTINA;DIARIO(REGULAR);PETÉN
17-01-0131-46;17-001;PETEN;FLORES;INSTITUTO COMERCIAL VILLA CONCEPCION;1AV. 2DA. CALLE ZONA 2, BARRIO VILLA CONCEPCION.;79248180;RODOLFO MEDINA;VERÓNICA MILDRED MAS REYES;DIVERSIFICADO;PRIVADO;URBANA;CERRADA TEMPORALMENTE;MONOLINGUE;DOBLE;FIN DE SEMANA;PETÉN
17-01-0133-46;17-001;PETEN;FLORES;COLEGIO INTEGRADO DE EDUCACION PROFESIONAL DE PETEN-CIEPP-;ALDEA IXLU;79248512;RODOLFO MEDINA;LUBIA ROXANA JIMÉNEZ RIVERA;DIVERSIFICADO;PRIVADO;RURAL;CERRADA TEMPORALMENTE;MONOLINGUE;DOBLE;FIN DE SEMANA;PETÉN
17-01-0136-46;17-030;PETEN;FLORES;"""INSTITUTO TECNOLOGICO HAWARD W. HUNTER""";CALZADA RODRÍGUEZ MACAL, A UNA CUADRA DE LA CALLE LÍMITE SANTA ELENA DE LA CRUZ, FLORES, PETEN;79262016;RODOLFO MEDINA;OLGA MARINA VÉLIZ PALENCIA;DIVERSIFICADO;PRIVADO;URBANA;ABIERTA;MONOLINGUE;DOBLE;DIARIO(REGULAR);PETÉN
17-01-0139-46;17-030;PETEN;FLORES;COLEGIO CRISTIANO CON ORIENTACION UNIVERSITARIA EL SHADDAI;8ª. AVENIDA 3-14 ANTIGUA POBLACION 2 SANTA ELENA DE LA CRUZ SANTA ELENA DE LA CRUZ FLORES;77970526;RODOLFO MEDINA;CARLOS ENRIQUE AUGUST VÉLIZ;DIVERSIFICADO;PRIVADO;URBANA;ABIERTA;MONOLINGUE;MATUTINA;DIARIO(REGULAR);PETÉN
17-01-0153-46;17-048;PETEN;FLORES;PROGRAMA NACIONAL DE EDUCACION ALTERNATIVA-PRONEA-;SANTA ELENA;79262583;SANTIAGO CRUZ SERRANO;SANTIAGO CRUZ SERRANO;DIVERSIFICADO;OFICIAL;RURAL;ABIERTA;MONOLINGUE;DOBLE;A DISTANCIA;PETÉN
17-01-0155-46;17-030;PETEN;FLORES;COLEGIO CRISTIANO EL HASHAMAYIM;SANTA ELENA DE LA CRUZ;79261812;RODOLFO MEDINA;JORGE ULICES RUANO CANO;DIVERSIFICADO;PRIVADO;URBANA;ABIERTA;MONOLINGUE;MATUTINA;DIARIO(REGULAR);PETÉN
17-01-0156-46;17-001;PETEN;FLORES;CENTRO DE EDUCACION EXTRAESCOLAR-CEEX-DEPARTAMENTAL;5TA.CALLE Y 3RA AV.ZONA 2 SANTA ELENA;58015134;RODOLFO MEDINA;MAYKON JOSE TE MAQUIN;DIVERSIFICADO;OFICIAL;RURAL;ABIERTA;MONOLINGUE;DOBLE;A DISTANCIA;PETÉN
17-01-0159-46;17-030;PETEN;FLORES;COLEGIO DE EDUCACION MEDIA SAN ISIDRO;ALDEA IXLU;55164373;RODOLFO MEDINA;RUTILIA SALGUERO CASTRO;DIVERSIFICADO;PRIVADO;RURAL;ABIERTA;MONOLINGUE;SIN JORNADA;SEMIPRESENCIAL (UN DÍA A LA SEMANA);PETÉN
17-01-0161-46;17-030;PETEN;FLORES;CENTRO EDUCATIVO MODELO;COLONIA MORALES;59893637;RODOLFO MEDINA;FRANCISCO VALENTIN SOZA;DIVERSIFICADO;PRIVADO;URBANA;ABIERTA;MONOLINGUE;SIN JORNADA;SEMIPRESENCIAL (UN DÍA A LA SEMANA);PETÉN
17-01-0163-46;17-030;PETEN;FLORES;INSTITUTO MIXTO DE EDUCACION FUNDAMENTAL-IMEF-;4TA.2DA.CALLE ZONA 2 SANTA ELENA;41118747;RODOLFO MEDINA;ESTHER NOEMI PINELO RAMÍREZ;DIVERSIFICADO;PRIVADO;URBANA;ABIERTA;MONOLINGUE;SIN JORNADA;SEMIPRESENCIAL (UN DÍA A LA SEMANA);PETÉN
17-01-0165-46;17-030;PETEN;FLORES;"CENTRO EDUCATIVO CRISTIANO ""GÉNESIS""";ALDEA PAXCAMAN;50174360;RODOLFO MEDINA;ALMEIDA ESTER BIN TENI;DIVERSIFICADO;PRIVADO;RURAL;ABIERTA;MONOLINGUE;SIN JORNADA;SEMIPRESENCIAL (UN DÍA A LA SEMANA);PETÉN
17-01-0167-46;17-001;PETEN;FLORES;INSTITUTO DE EDUCACIO9N BASICA Y BACHILLERATO POR MADURREZ, CAMINO A LA LIBERTAD;CENTRO DE DETENCION DEPARTAMENTAL;58373736;RODOLFO MEDINA;XIOMARA ANAYELY DEL CID COY;DIVERSIFICADO;OFICIAL;RURAL;ABIERTA;MONOLINGUE;VESPERTINA;DIARIO(REGULAR);PETÉN
17-01-0481-46;17-002;PETEN;FLORES;INSTITUTO MIXTO LA PARROQUIA;SANTA ELENA DE LA CRUZ;78230387;LILIA SAUDITA SUNTECUN CHAN;--;DIVERSIFICADO;PRIVADO;URBANA;CERRADA TEMPORALMENTE;MONOLINGUE;VESPERTINA;DIARIO(REGULAR);PETÉN
17-01-0485-46;17-001;PETEN;FLORES;ESCUELA NORMAL RURAL NO. 5 PROFESOR JULIO EDMUNDO ROSADO PINELO;BARRIO SANTA ELENA;78425736;RODOLFO MEDINA;VAYRON ANTONIO CONTRERAS POZADAS;DIVERSIFICADO;OFICIAL;URBANA;ABIERTA;MONOLINGUE;VESPERTINA;DIARIO(REGULAR);PETÉN
17-01-1049-46;17-030;PETEN;FLORES;"""LICEO MAYA""";3A. AVE. 1-77 ZONA 1 SANTA ELENA, FLORES, PETEN;46613691;RODOLFO MEDINA;ALICIA BEATRIZ GONGORA INECO;DIVERSIFICADO;PRIVADO;URBANA;ABIERTA;MONOLINGUE;VESPERTINA;DIARIO(REGULAR);PETÉN
17-01-2295-46;17-001;PETEN;FLORES;INSTITUTO COMERCIAL VILLA CONCEPCION;1A. AV. Y 2A. CALLE ZONA 2 BO. VILLA CONCEPCION;79248180;RODOLFO MEDINA;KARLA LUIS VELÁSQUEZ MONTENEGRO;DIVERSIFICADO;PRIVADO;RURAL;TEMPORAL TITULOS;MONOLINGUE;VESPERTINA;DIARIO(REGULAR);PETÉN
17-01-2434-46;17-030;PETEN;FLORES;"""LICEO MODERNO EN COMPUTACION"" (LIMCO)";CALZADA VIRGILIO RODRIGUEZ MACAL 6-40 ZONA 2 SANTA ELENA DE LA CRUZ, FLORES PETEN.;79261015;RODOLFO MEDINA;NERY GÛILBERTO RALDA MALDONADO;DIVERSIFICADO;PRIVADO;URBANA;ABIERTA;MONOLINGUE;VESPERTINA;DIARIO(REGULAR);PETÉN
17-01-3316-46;25-000;PETEN;FLORES;INSTITUTO GUATEMALTECA DE EDUCACION RADIOFONICA (IGER);;;SONIA HAYDEE REYES MONTERROSO;;DIVERSIFICADO;PRIVADO;URBANA;CERRADA TEMPORALMENTE;MONOLINGUE;MATUTINA;A DISTANCIA;PETÉN
17-01-3414-46;17-030;PETEN;FLORES;COLEGIO INTEGRADO DE EDUCACION PROFESIONAL DE PETEN (CIEPP);ALDEA IXLU;30628346;RODOLFO MEDINA;LUBIA ROXANA JIMÉNEZ RIVERA;DIVERSIFICADO;PRIVADO;RURAL;ABIERTA;MONOLINGUE;VESPERTINA;DIARIO(REGULAR);PETÉN
17-01-3415-46;17-001;PETEN;FLORES;INSTITUTO NOCTURNO DE EDUCACION INTEGRAL;SANTA ELENA;;RODOLFO MEDINA;--;DIVERSIFICADO;PRIVADO;URBANA;TEMPORAL TITULOS;MONOLINGUE;NOCTURNA;DIARIO(REGULAR);PETÉN
17-01-3447-46;17-001;PETEN;FLORES;ESCUELA NORMAL DE EDUCACION FISICA;COMPLEJO DEPORTIVO MAYA;59766410;RODOLFO MEDINA;ROSBEL STANLY MORALES DE LEON;DIVERSIFICADO;OFICIAL;URBANA;ABIERTA;MONOLINGUE;DOBLE;DIARIO(REGULAR);PETÉN
17-01-3567-46;17-001;PETEN;FLORES;LICEO MODERNO EN COMPUTACION (LIMCO);CALZADA VIRGILIO RODRIGUEZ MACAL 6-40 ZONA 2 SANTA ELENA;79261015;RODOLFO MEDINA;;DIVERSIFICADO;PRIVADO;URBANA;CERRADA TEMPORALMENTE;MONOLINGUE;MATUTINA;DIARIO(REGULAR);PETÉN
17-01-3949-46;17-030;PETEN;FLORES;"""INSTITUTO TECNOLÓGICO HAWARD W. HUNTER""";CALZADA VIRGILIO RODRÍGUEZ MACAL, A UNA CUADRA DE LA CALLE LÍMITE SANTA ELENA DE LA CRUZ, FLORES, PETEN;79262016;RODOLFO MEDINA;OLGA MARINA VÉLIZ PALENCIA;DIVERSIFICADO;PRIVADO;URBANA;ABIERTA;MONOLINGUE;DOBLE;DIARIO(REGULAR);PETÉN
17-01-3993-46;17-001;PETEN;FLORES;CENTRO EDUCATIVO PETEN-CEP-;SANTA ELENA DE LA CRUZ;42509151;RODOLFO MEDINA;KARLA YAMILETH NÁJERA ARIAS;DIVERSIFICADO;PRIVADO;URBANA;ABIERTA;MONOLINGUE;VESPERTINA;DIARIO(REGULAR);PETÉN
17-01-4075-46;17-030;PETEN;FLORES;INSTITUTO MIXTO DE EDUCACION FUNDAMENTAL IMEF;4A. AVENIDA 3A. CALLE ZONA 2 SANTA ELENA;79248505;RODOLFO MEDINA;ESTHER NOEMI PINELO RAMÍREZ;DIVERSIFICADO;PRIVADO;URBANA;ABIERTA;MONOLINGUE;DOBLE;FIN DE SEMANA;PETÉN
17-01-4102-46;17-001;PETEN;FLORES;COOPERACION MESOAMERICANA PARA EL DESARROLLO Y LA PAZ -COMADEP-;ALDEA SANTA ELENA DE LA CRUZ;78210006;RODOLFO MEDINA;BARBARA JULIA IVONE LOPEZ VARGAS;DIVERSIFICADO;PRIVADO;RURAL;TEMPORAL TITULOS;BILINGUE;DOBLE;A DISTANCIA;PETÉN
17-02-0003-46;17-002;PETEN;SAN JOSE;ESCUELA ECOLOGICA SAN JOSE;BARRIO VISTA LAGO;;LILIA SAUDITA SUNTECUN CHAN;MARLENY ESMERALDA CHAN TESUCUN;DIVERSIFICADO;PRIVADO;URBANA;ABIERTA;MONOLINGUE;VESPERTINA;DIARIO(REGULAR);PETÉN
17-02-0011-46;17-002;PETEN;SAN JOSE;"ESCUELA PRIVADA DE MAGISTERIO ""SAN JOSÉ""";BARRIO VISTA LAGO;59882736;LILIA SAUDITA SUNTECUN CHAN;ARELI MAGALI CHAN TESUCÚN;DIVERSIFICADO;PRIVADO;URBANA;ABIERTA;MONOLINGUE;VESPERTINA;DIARIO(REGULAR);PETÉN
17-02-0013-46;17-002;PETEN;SAN JOSE;INSTITUTO NACIONAL DE EDUCACION DIVERSIFICADA;BARRIO EL PROGRESO;49882736;LILIA SAUDITA SUNTECUN CHAN;IRIS ARACELY CHAN TESUCUN;DIVERSIFICADO;OFICIAL;URBANA;ABIERTA;MONOLINGUE;MATUTINA;DIARIO(REGULAR);PETÉN
17-02-3565-46;17-003;PETEN;SAN JOSE;"ESCUELA PRIVADA DE MAGISTERIO ""SAN JOSÉ""";BARRIO EL PROGRESO;42479181;FERNANDO RAFAEL LEAL CORDOVA;---;DIVERSIFICADO;PRIVADO;URBANA;CERRADA TEMPORALMENTE;MONOLINGUE;VESPERTINA;DIARIO(REGULAR);PETÉN
17-03-0002-46;17-030;PETEN;SAN BENITO;"CENTRO EDUCATIVO CRISTIANO CON ORIENTACION UNIVERSITARIA ""EL SHADDAI""";BARRIO EL PORVENIR 5 CALLE Y 2AV.;79263476;RODOLFO MEDINA;DAYSI FABIOLA LOPEZ SARCEÑO;DIVERSIFICADO;PRIVADO;URBANA;ABIERTA;MONOLINGUE;MATUTINA;DIARIO(REGULAR);PETÉN
17-03-0006-46;17-003;PETEN;SAN BENITO;"CENTRO EDUCATIVO ""BETHANIA""";6A. CALLE ZONA 4 BARRIO LA PAZ;78238216;FERNANDO RAFAEL LEAL CORDOVA;JORGE ONAN MENDEZ DIAZ;DIVERSIFICADO;PRIVADO;URBANA;ABIERTA;MONOLINGUE;VESPERTINA;DIARIO(REGULAR);PETÉN
17-03-0007-46;17-004;PETEN;SAN BENITO;"""CENTRO DE FORMACION PROFESIONAL DE PETEN""";COLONIA ITZA;79248279;BARBARA JULIAIVONE LOPEZ VARGAS;---;DIVERSIFICADO;PRIVADO;RURAL;CERRADA TEMPORALMENTE;BILINGUE;DOBLE;FIN DE SEMANA;PETÉN
17-03-0025-46;17-030;PETEN;SAN BENITO;INSTITUTO NACIONAL DE EDUCACION DIVERSIFICADA;COLONIA ITZA;45156995;RODOLFO MEDINA;EDVIN FIDEL CORADO REVOLORIO;DIVERSIFICADO;OFICIAL;RURAL;ABIERTA;MONOLINGUE;VESPERTINA;DIARIO(REGULAR);PETÉN
17-03-0038-46;17-004;PETEN;SAN BENITO;CENTRO EDUCATIVO CRISTIANO ADONAI;3A. AVENIDA 5-60 ENTRE 4A. Y 5A. CALLE, ZONA 6 BARRIO EL PORVENIR;79260763;BARBARA JULIAIVONE LOPEZ VARGAS;CARLOS GILBERTO AGUILAR SANDOVAL;DIVERSIFICADO;PRIVADO;RURAL;CERRADA TEMPORALMENTE;MONOLINGUE;MATUTINA;DIARIO(REGULAR);PETÉN
17-03-0042-46;17-049;PETEN;SAN BENITO;COLEGIO MIXTO PRIVADO SAN PEDRO;BARRIO 3 DE ABRIL;58840910;CLAUDIA LUCRECIA ROSALES PECHE;ALVARO NOLASCO TRUJILLO CORZO;DIVERSIFICADO;PRIVADO;URBANA;CERRADA TEMPORALMENTE;MONOLINGUE;MATUTINA;DIARIO(REGULAR);PETÉN
17-03-0044-46;17-038;PETEN;SAN BENITO;INSTITUTO MIXTO DE EDUCACION BILINGUE INTERCULTURAL -IMEBI- SAN BENITO;SAN BENITO;58059364;FILIBERTO FIDEL PEREZ DE LEON;MANUEL TRINIDAD BURGOS PAZ;DIVERSIFICADO;PRIVADO;RURAL;CERRADA TEMPORALMENTE;BILINGUE;DOBLE;FIN DE SEMANA;PETÉN
17-03-0071-46;17-004;PETEN;SAN BENITO;CENTRO EDUCATIVO LA PATRIA -CEPATRIA-;"1A. AVENIDA ""B"" 17-47, ZONA 1, BARRIO ""3 DE ABRIL""";79263506;BARBARA JULIAIVONE LOPEZ VARGAS;CARLOS MANUEL MORALES MAR;DIVERSIFICADO;PRIVADO;URBANA;CERRADA TEMPORALMENTE;MONOLINGUE;VESPERTINA;DIARIO(REGULAR);PETÉN
17-03-0072-46;17-003;PETEN;SAN BENITO;LICEO NUEVO PANORAMA;BARRIO NUEVO PANORAMA;53540926;FERNANDO RAFAEL LEAL CORDOVA;VIVIAN NICTÉ BALDIZÓN CASTELLANOS;DIVERSIFICADO;PRIVADO;URBANA;CERRADA TEMPORALMENTE;MONOLINGUE;MATUTINA;DIARIO(REGULAR);PETÉN
17-03-0084-46;17-049;PETEN;SAN BENITO;LICEO CRISTIANO BILINGUE JEHOVA JIREH;3RA.AV.5-60 BARRIO PORVENIR;586577;CLAUDIA LUCRECIA ROSALES PECHE;MAYLIN YERENI HERNANDEZ CORADO DE BIN;DIVERSIFICADO;PRIVADO;URBANA;CERRADA TEMPORALMENTE;MONOLINGUE;VESPERTINA;DIARIO(REGULAR);PETÉN
17-03-0085-46;17-049;PETEN;SAN BENITO;LICEO CRISTIANO BILINGUE JEHOVA JIREH;3RA.AV.5-60 BARRIO PORVENIR;586577;CLAUDIA LUCRECIA ROSALES PECHE;MAYLI YIRENI HERNANDEZ CORADO DE BIN;DIVERSIFICADO;PRIVADO;URBANA;CERRADA TEMPORALMENTE;MONOLINGUE;VESPERTINA;DIARIO(REGULAR);PETÉN
17-03-0088-46;17-030;PETEN;SAN BENITO;CENTRO EDUCATIVO PRIVADO MIXTO DE EDUCACION BASICA Y DIVERSIFICADO-CEPMEBYD;COLONIA VISTA HERMOSSA;42150707;RODOLFO MEDINA;NORLIN ARIEL LÓPEZ DUQUE;DIVERSIFICADO;PRIVADO;RURAL;ABIERTA;MONOLINGUE;VESPERTINA;DIARIO(REGULAR);PETÉN
17-03-0089-46;17-003;PETEN;SAN BENITO;CENTRO EDUCATIVO CRISTIANO CON ORIENTACION UNIVERSITARIA EL SHADDAI;BARRIO EL PORVENIR;79263476;FERNANDO RAFAEL LEAL CORDOVA;HUSWER LANDREWS SARCEÑO MARTINEZ;DIVERSIFICADO;PRIVADO;URBANA;ABIERTA;MONOLINGUE;DOBLE;DIARIO(REGULAR);PETÉN
17-03-0094-46;17-003;PETEN;SAN BENITO;LICEO INTEGRAL NUEVA GENERACION;BARRIO EL PEDREGAL;41821593;FERNANDO RAFAEL LEAL CORDOVA;MIGUEL ANGEL MEJIA FLORES;DIVERSIFICADO;PRIVADO;URBANA;ABIERTA;MONOLINGUE;VESPERTINA;DIARIO(REGULAR);PETÉN
17-03-0095-46;17-030;PETEN;SAN BENITO;COLEGIO MADRE ANTONIA LALIA HERMANAS DOMINICAS DE SAN SISTO VECCHIO;COLONIA JUAREZ;33812286;RODOLFO MEDINA;JOSELIN MELIZA MELCHOR BERGES;DIVERSIFICADO;PRIVADO;URBANA;ABIERTA;MONOLINGUE;MATUTINA;DIARIO(REGULAR);PETÉN
17-03-0098-46;17-003;PETEN;SAN BENITO;LICEO INTEGRAL NUEVA GENERACION - LING-;BARRIO EL PEDREGAL;41821593;FERNANDO RAFAEL LEAL CORDOVA;MIGUEL ANGEL MEJIA FLORES;DIVERSIFICADO;PRIVADO;URBANA;ABIERTA;MONOLINGUE;DOBLE;FIN DE SEMANA;PETÉN
17-03-0099-46;17-003;PETEN;SAN BENITO;LICEO INTEGRAL NUEVA GENERACION - LING-;BARRIO EL PEDREGAL;41821593;FERNANDO RAFAEL LEAL CORDOVA;MIGUEL ANGEL MEJIA FLORES;DIVERSIFICADO;PRIVADO;URBANA;ABIERTA;MONOLINGUE;DOBLE;FIN DE SEMANA;PETÉN
17-03-0101-46;17-003;PETEN;SAN BENITO;COLEGIO CRISTIANO BILINGUE MANANTIAL;COLONIA TIKAL;59374505;FERNANDO RAFAEL LEAL CORDOVA;NIVIA ADALY LARIOS PRADO;DIVERSIFICADO;PRIVADO;URBANA;CERRADA TEMPORALMENTE;MONOLINGUE;VESPERTINA;DIARIO(REGULAR);PETÉN
17-03-0102-46;17-030;PETEN;SAN BENITO;COLEGIO ADVENTISTA DE PETEN;BARRIO 3 DE ABRIL;79263234;RODOLFO MEDINA;EVELYN MARISOL HERNÁNDEZ COLLÍ;DIVERSIFICADO;PRIVADO;URBANA;ABIERTA;MONOLINGUE;MATUTINA;DIARIO(REGULAR);PETÉN
17-03-0104-46;17-003;PETEN;SAN BENITO;CENTRO EDUCATIVO CRISTIANO ADONAI;BARRIIO SAN JUAN;42549357;FERNANDO RAFAEL LEAL CORDOVA;EDWIN NOÉ MARROQUÍN HERNÁNDEZ;DIVERSIFICADO;PRIVADO;URBANA;ABIERTA;MONOLINGUE;DOBLE;FIN DE SEMANA;PETÉN
17-03-0111-46;17-030;PETEN;SAN BENITO;INSTITUTO MIXTO PRIVADO EDUCATIVO DE BACHILLERATO -IMPEB-;BARRIO VISTA HERMOSA;59483938;RODOLFO MEDINA;HÉCTOR AMILCAR HERNÁNDEZ RAMÍREZ;DIVERSIFICADO;PRIVADO;RURAL;ABIERTA;MONOLINGUE;DOBLE;FIN DE SEMANA;PETÉN
17-03-0113-46;17-030;PETEN;SAN BENITO;CENTRO EDUCATIVO CRISTIANO ADONAI;BARRIO SAN JUAN;42549357;RODOLFO MEDINA;EDWIN NOÉ MARROQUÍN HERNÁNDEZ;DIVERSIFICADO;PRIVADO;RURAL;ABIERTA;MONOLINGUE;DOBLE;FIN DE SEMANA;PETÉN
17-03-0115-46;17-030;PETEN;SAN BENITO;"LICEO DE CIENCIAS TECNICAS ""EL REDENTOR""";BARRIO 3 DE ABRIL;47981031;RODOLFO MEDINA;MAYRA AIDÉE CARBAJAL GARCÍA;DIVERSIFICADO;PRIVADO;URBANA;ABIERTA;MONOLINGUE;DOBLE;FIN DE SEMANA;PETÉN
17-03-0120-46;17-030;PETEN;SAN BENITO;COLEGIO PRIVADO MIXTO EL FORMADOR;BARRIO 3 DE ABRIL;41674267;RODOLFO MEDINA;JUAN CARLOS MONZON LUTIN;DIVERSIFICADO;PRIVADO;URBANA;ABIERTA;MONOLINGUE;DOBLE;FIN DE SEMANA;PETÉN
17-03-0121-46;17-030;PETEN;SAN BENITO;COLEGIO PRIVADO MIXTO EL FORMADOR;BARRIO 3 DE ABRIL;4167076;RODOLFO MEDINA;JUAN CARLOS MONZON LUTIN;DIVERSIFICADO;PRIVADO;URBANA;ABIERTA;MONOLINGUE;DOBLE;FIN DE SEMANA;PETÉN
17-03-0124-46;17-030;PETEN;SAN BENITO;INSTITUTO NACIONAL DE EDUCACION DIVERSIFICADA;BARRIO VALLE NUEVO;59959542;RODOLFO MEDINA;ALMA DELIA CHUN AREVALO;DIVERSIFICADO;OFICIAL;RURAL;ABIERTA;MONOLINGUE;MATUTINA;DIARIO(REGULAR);PETÉN
17-03-0128-46;17-003;PETEN;SAN BENITO;CENTRO EDUCATIVO CRISTIANO CON ORIENTACION UNIVERSITARIA EL SHADDAI;BARRIO EL PORVENIR;79263476;FERNANDO RAFAEL LEAL CORDOVA;HUSWER LANDREWS SARCEÑO MARTINEZ;DIVERSIFICADO;PRIVADO;URBANA;ABIERTA;MONOLINGUE;SIN JORNADA;SEMIPRESENCIAL (UN DÍA A LA SEMANA);PETÉN
17-03-0130-46;17-003;PETEN;SAN BENITO;INSTITUTO MIXTO PRIVADO EDUCATIVO DE BACHILLERATO IMPEB;BARRIO VISTA HERMOSA;56914093;FERNANDO RAFAEL LEAL CORDOVA;HÉCTOR AMILCAR HERNÁNDEZ RAMÍREZ;DIVERSIFICADO;PRIVADO;RURAL;ABIERTA;MONOLINGUE;SIN JORNADA;SEMIPRESENCIAL (UN DÍA A LA SEMANA);PETÉN
17-03-0131-46;17-003;PETEN;SAN BENITO;LICEO PALERMO;17 CALLE 5-62 ZONA 1;79262965;FERNANDO RAFAEL LEAL CORDOVA;MANUEL TRINIDAD BURGOS;DIVERSIFICADO;PRIVADO;URBANA;ABIERTA;MONOLINGUE;SIN JORNADA;SEMIPRESENCIAL (UN DÍA A LA SEMANA);PETÉN
17-03-0134-46;17-003;PETEN;SAN BENITO;CENTRO EDUCATIVO PRIVADO MIXTO DE EDUCACIÓN BÁSICA Y DIVERSIFICADO-CEPMEBYD-;BARRIIO VISTA HERMOSA;56903010;FERNANDO RAFAEL LEAL CORDOVA;NORLIN ARIEL LÓPEZ DUQUE;DIVERSIFICADO;PRIVADO;URBANA;ABIERTA;MONOLINGUE;VESPERTINA;DIARIO(REGULAR);PETÉN
17-03-0135-46;17-003;PETEN;SAN BENITO;CENTRO EDUCACIONAL DE CIENCIAS CONTABLES-CECON;BARRIO LA ERMITA;31272478;FERNANDO RAFAEL LEAL CORDOVA;MIGUEL ANGEL GÓNGORA PINELO;DIVERSIFICADO;PRIVADO;RURAL;ABIERTA;MONOLINGUE;SIN JORNADA;SEMIPRESENCIAL (UN DÍA A LA SEMANA);PETÉN
17-03-0139-46;17-003;PETEN;SAN BENITO;CENTRO EDUCATIVO POR MADUREZ PROFA. MILDRED GUADALUPE AGUILAR MELÉNDEZ;BARRIIO 3 DE ABRIL;30534099;FERNANDO RAFAEL LEAL CORDOVA;CARLOS ERWIN MIS REQUENA;DIVERSIFICADO;PRIVADO;URBANA;ABIERTA;MONOLINGUE;SIN JORNADA;SEMIPRESENCIAL (UN DÍA A LA SEMANA);PETÉN
17-03-0141-46;17-003;PETEN;SAN BENITO;COLEGIO PRIVADO MIXTO EL FORMADOR;BARRIO 3 DE ABRIL;41670768;FERNANDO RAFAEL LEAL CORDOVA;JUAN CARLOS MONZÓN LUTIN;DIVERSIFICADO;PRIVADO;URBANA;ABIERTA;MONOLINGUE;SIN JORNADA;SEMIPRESENCIAL (UN DÍA A LA SEMANA);PETÉN
17-03-0143-46;17-003;PETEN;SAN BENITO;CENTRO EDUCATIVO CRISTIANO ADONAI;BARRIO SAN JUAN;42549357;FERNANDO RAFAEL LEAL CORDOVA;EDWIN NOÉ MARROQUÍN HERNÁNDEZ;DIVERSIFICADO;PRIVADO;RURAL;ABIERTA;MONOLINGUE;SIN JORNADA;SEMIPRESENCIAL (UN DÍA A LA SEMANA);PETÉN
17-03-0145-46;17-003;PETEN;SAN BENITO;LICEO DE CIENCIAS TÉCNICAS EL REDENTOR;BARRIO 3 DE ABRIL;47981031;FERNANDO RAFAEL LEAL CORDOVA;MAYRA AIDÉE CARBAJAL GARCÍA;DIVERSIFICADO;PRIVADO;URBANA;ABIERTA;MONOLINGUE;SIN JORNADA;SEMIPRESENCIAL (UN DÍA A LA SEMANA);PETÉN
17-03-0146-46;17-003;PETEN;SAN BENITO;CENTRO EDUCACINAL DE CIENCIAS CONTABLES. CECCON;BARRIO LA ERMITA;3127247;FERNANDO RAFAEL LEAL CORDOVA;MIGUEL ANGELGOGORA PINELO;DIVERSIFICADO;PRIVADO;URBANA;ABIERTA;MONOLINGUE;DOBLE;FIN DE SEMANA;PETÉN
17-03-1052-46;17-004;PETEN;SAN BENITO;CENTRO EDUCACIONAL DE CIENCIAS CONTABLES CECCON;3A. AVE. 5-38 ZONA 1;79261314;BARBARA JULIAIVONE LOPEZ VARGAS;---;DIVERSIFICADO;PRIVADO;URBANA;CERRADA TEMPORALMENTE;MONOLINGUE;NOCTURNA;DIARIO(REGULAR);PETÉN
17-03-2236-46;17-004;PETEN;SAN BENITO;COLEGIO RABY BATAB;COLONIA ITZA;;BARBARA JULIAIVONE LOPEZ VARGAS;RODOLFO MEDINA;DIVERSIFICADO;PRIVADO;URBANA;CERRADA TEMPORALMENTE;MONOLINGUE;VESPERTINA;DIARIO(REGULAR);PETÉN
17-03-2832-46;17-030;PETEN;SAN BENITO;LICEO PALERMO;16 CALLE 5-62 ZONA 1;79262965;RODOLFO MEDINA;MANUEL TRINIDAD BURGOS;DIVERSIFICADO;PRIVADO;URBANA;ABIERTA;MONOLINGUE;VESPERTINA;DIARIO(REGULAR);PETÉN
17-03-2833-46;17-004;PETEN;SAN BENITO;LICEO PALERMO;16 CALLE 7-40 ZONA 1;;BARBARA JULIAIVONE LOPEZ VARGAS;;DIVERSIFICADO;PRIVADO;URBANA;CERRADA TEMPORALMENTE;MONOLINGUE;MATUTINA;DIARIO(REGULAR);PETÉN
17-03-2834-46;17-030;PETEN;SAN BENITO;LICEO PALERMO;16 CALLE 7-50 ZONA 1;79262965;RODOLFO MEDINA;MANUEL TRINIDAD BURGOS;DIVERSIFICADO;PRIVADO;URBANA;ABIERTA;MONOLINGUE;DOBLE;FIN DE SEMANA;PETÉN
17-03-2837-46;17-030;PETEN;SAN BENITO;CENTRO EDUCACIONAL DE CIENCIAS CONTABLES CECCON;2A. AVE. 5-33 ZONA 1;79252567;RODOLFO MEDINA;MIGUEL ANGEL GÓNGORA PINELO;DIVERSIFICADO;PRIVADO;URBANA;ABIERTA;MONOLINGUE;VESPERTINA;DIARIO(REGULAR);PETÉN
17-03-3832-46;17-003;PETEN;SAN BENITO;CENTRO EDUCACIONAL DE CIENCIAS CONTABLES CECCON;BARRIO LA ERMITA;79262567;FERNANDO RAFAEL LEAL CORDOVA;MIGUEL ANGEL GÓNGORA PINELO;DIVERSIFICADO;PRIVADO;URBANA;ABIERTA;MONOLINGUE;MATUTINA;DIARIO(REGULAR);PETÉN
17-03-3992-46;17-003;PETEN;SAN BENITO;"CENTRO EDUCATIVO CRISTIANO CON ORIENTACION UNIVERSITARIA ""EL SHADDAI""";BARRIO EL PORVENIR 5 CALLE Y 2AV.;79263476;FERNANDO RAFAEL LEAL CORDOVA;CASTA TANAIRI MORE FLORES;DIVERSIFICADO;PRIVADO;URBANA;ABIERTA;MONOLINGUE;MATUTINA;DIARIO(REGULAR);PETÉN
17-03-3996-46;17-030;PETEN;SAN BENITO;CENTRO EDUCATIVO POR MADUREZ PROFA. MILDRED GUADALUPE AGUILAR MELENDEZ CEPMMA;BARRIO 3 DE ABRIL;;RODOLFO MEDINA;CARLOS ERWIN MIS REQUENA;DIVERSIFICADO;PRIVADO;URBANA;ABIERTA;MONOLINGUE;DOBLE;FIN DE SEMANA;PETÉN
17-03-4111-46;17-030;PETEN;SAN BENITO;CENTRO EDUCATIVO CRISTIANO CON ORIENTACION UNIVERSITARIA EL SHADDAI;BARRIO EL PORVENIR;79263476;RODOLFO MEDINA;DAYSI FABIOLA LOPEZ SARCEÑO;DIVERSIFICADO;PRIVADO;RURAL;ABIERTA;MONOLINGUE;VESPERTINA;DIARIO(REGULAR);PETÉN
17-03-4112-46;17-030;PETEN;SAN BENITO;CENTRO EDUCATIVO CRISTIANO CON ORIENTACION UNIVERSITARIA EL SHADDAI;BARRIO EL PORVENIR;79263476;RODOLFO MEDINA;HUSWER LANDREWS SARCEÑO MARTINEZ;DIVERSIFICADO;PRIVADO;RURAL;ABIERTA;MONOLINGUE;DOBLE;FIN DE SEMANA;PETÉN
17-03-4113-46;17-030;PETEN;SAN BENITO;CENTRO EDUCACIONAL DE CIENCIAS CONTABLES CECCON;3A. AVENIDA 5-38 ZONA 1;31272478;RODOLFO MEDINA;MIGUEL ANGEL GÓNGORA PINELO;DIVERSIFICADO;PRIVADO;URBANA;ABIERTA;MONOLINGUE;DOBLE;FIN DE SEMANA;PETÉN
17-04-0002-46;17-004;PETEN;SAN ANDRES;INSTITUTO DE EDUCACION DIVERSIFICADO POR COOPERATIVA;ALDEA SACPUY;40080043;BARBARA JULIAIVONE LOPEZ VARGAS;NOE AROLDO QUIXCHAN MORALES;DIVERSIFICADO;COOPERATIVA;RURAL;ABIERTA;MONOLINGUE;VESPERTINA;DIARIO(REGULAR);PETÉN
17-04-0083-46;17-002;PETEN;SAN ANDRES;CENTRO EDUCATIVO DE FORMACION INTEGRAL -CEFI-;CASERIO CRUCE DOS AGUADAS;53196330;LILIA SAUDITA SUNTECUN CHAN;DELSI DAYBELIS ACUÑA ALVARADO;DIVERSIFICADO;PRIVADO;RURAL;CERRADA TEMPORALMENTE;MONOLINGUE;VESPERTINA;DIARIO(REGULAR);PETÉN
17-04-0085-46;17-004;PETEN;SAN ANDRES;LICEO SANTA CRUZ;BARRIO NORTE SAN ANDRES;51623061;BARBARA JULIAIVONE LOPEZ VARGAS;TERESA DE JESUS CHI VANEGAS;DIVERSIFICADO;PRIVADO;URBANA;CERRADA TEMPORALMENTE;MONOLINGUE;VESPERTINA;DIARIO(REGULAR);PETÉN
17-04-0095-46;17-002;PETEN;SAN ANDRES;"COLEGIO PRIVADO CON ORIENTACIÓN CRISTIANA ""LICEO EMANUEL""";CASERO CRUCE DOS AGUADAS.;44918380;LILIA SAUDITA SUNTECUN CHAN;JAIME ESTUARDO GONZÁLEZ MACHUCA;DIVERSIFICADO;PRIVADO;RURAL;CERRADA TEMPORALMENTE;MONOLINGUE;VESPERTINA;DIARIO(REGULAR);PETÉN
17-04-0099-46;17-002;PETEN;SAN ANDRES;CENTRO EDUCATIVO DE FORMACION INTEGRAL- CEFI-;CASERIO CRUCE DOS AGUADAS;53196330;LILIA SAUDITA SUNTECUN CHAN;WILMER ACUÑA ALVARADO;DIVERSIFICADO;PRIVADO;RURAL;ABIERTA;MONOLINGUE;DOBLE;FIN DE SEMANA;PETÉN
17-04-0103-46;17-004;PETEN;SAN ANDRES;"COLEGIO ""LIDERES DEL MAÑANA""";BARRIO COROZAL SACPUY;31807694;BARBARA JULIAIVONE LOPEZ VARGAS;EDUARDO LEMUS CUNIL;DIVERSIFICADO;PRIVADO;RURAL;ABIERTA;MONOLINGUE;DOBLE;FIN DE SEMANA;PETÉN
17-04-0104-46;17-004;PETEN;SAN ANDRES;INSTITUTO DE EDUCACIÓN DIVERSIFICADA;BARRIO NORESTE;32964525;BARBARA JULIAIVONE LOPEZ VARGAS;CARLOS MANUEL TESUCÚN QUETZAL;DIVERSIFICADO;PRIVADO;URBANA;ABIERTA;MONOLINGUE;VESPERTINA;DIARIO(REGULAR);PETÉN
17-04-0112-46;17-004;PETEN;SAN ANDRES;CENTRO EDUCATIVO LIDERES DEL MAÑANA;BARRIO COROZAL ALDEA SACPUY;53585684;BARBARA JULIAIVONE LOPEZ VARGAS;GEORGINA ELENA PANTY CANO;DIVERSIFICADO;PRIVADO;RURAL;ABIERTA;MONOLINGUE;DOBLE;FIN DE SEMANA;PETÉN
17-04-0116-46;17-002;PETEN;SAN ANDRES;INSTITUTO DDE EDUCACION DIVERSIFICADA-IED-;CASERIO CRUCE DOS AGUADAS;57336718;LILIA SAUDITA SUNTECUN CHAN;MARVIN JOEL BA CHUB;DIVERSIFICADO;PRIVADO;RURAL;ABIERTA;MONOLINGUE;VESPERTINA;DIARIO(REGULAR);PETÉN
17-04-0117-46;17-004;PETEN;SAN ANDRES;LICEO SACPUY-LISAC-;ALDEA SACPUY-LISAC-;46452466;BARBARA JULIAIVONE LOPEZ VARGAS;WALKIRIA BERSABIT RAMOS PANTÍ;DIVERSIFICADO;PRIVADO;RURAL;ABIERTA;MONOLINGUE;SIN JORNADA;SEMIPRESENCIAL (UN DÍA A LA SEMANA);PETÉN
17-04-0119-46;17-002;PETEN;SAN ANDRES;CENTRO EDUCATIVO DE FORMACION INTEGRAL-CEFI-;CASERIO CRUCE DOS AGUADAS;58180976;LILIA SAUDITA SUNTECUN CHAN;WILMER ACUÑA ALVARADO;DIVERSIFICADO;PRIVADO;RURAL;ABIERTA;MONOLINGUE;SIN JORNADA;SEMIPRESENCIAL (UN DÍA A LA SEMANA);PETÉN
17-04-0122-46;17-004;PETEN;SAN ANDRES;LICEO SACPUY- LISAC-;BARRIO EL CENTRO ALDEA SACPUY;31193946;BARBARA JULIAIVONE LOPEZ VARGAS;WALKIRIA BERSABIT RAMOS PANTÍ;DIVERSIFICADO;PRIVADO;RURAL;ABIERTA;MONOLINGUE;DOBLE;FIN DE SEMANA;PETÉN
17-04-0124-46;17-004;PETEN;SAN ANDRES;COLEGIO TECNOLOGICO NUEVA GENERACION;CALLE PRINCIPAL BARRIO EL COROZAL SACPUY;30745;BARBARA JULIAIVONE LOPEZ VARGAS;ERWIN DE JESÚS SOZA MANZANERO;DIVERSIFICADO;PRIVADO;RURAL;ABIERTA;MONOLINGUE;DOBLE;FIN DE SEMANA;PETÉN
17-04-0483-46;;PETEN;SAN ANDRES;INSTITUTO PRIVADO MIXTO DE EDUCACION DIVERSIFICADA DE CIENCIAS COMERCIALES;;;;;DIVERSIFICADO;PRIVADO;URBANA;CERRADA TEMPORALMENTE;MONOLINGUE;VESPERTINA;DIARIO(REGULAR);PETÉN
17-04-2974-46;;PETEN;SAN ANDRES;CENTRO DE FORMACION DE MAESTROS DE EDUCACION PRIMARIA URBANA;SAN ANDRES;;;TERESA DE JESUS CHI VANEGAS;DIVERSIFICADO;PRIVADO;URBANA;CERRADA TEMPORALMENTE;MONOLINGUE;VESPERTINA;DIARIO(REGULAR);PETÉN
17-04-3953-46;17-004;PETEN;SAN ANDRES;LICEO SACPUY -LISAC;BARRIO EL CENTRO ALDEA SACPUY;33714796;BARBARA JULIAIVONE LOPEZ VARGAS;WALKIRIA BERSABIT RAMOS PANTÍ;DIVERSIFICADO;PRIVADO;RURAL;ABIERTA;MONOLINGUE;MATUTINA;DIARIO(REGULAR);PETÉN
17-04-4071-46;17-004;PETEN;SAN ANDRES;COLEGIO LIDERES DEL MAÑANA;ALDEA SACPUY;31807694;BARBARA JULIAIVONE LOPEZ VARGAS;;DIVERSIFICADO;PRIVADO;RURAL;CERRADA TEMPORALMENTE;MONOLINGUE;VESPERTINA;DIARIO(REGULAR);PETÉN
17-05-0167-46;17-006;PETEN;LA LIBERTAD;INSTITUTO NACIONAL DE EDUCACION DIVERSIFICADA;ALDEA EL NARANJO;;ROERICO DE LA CRUZ ICAL;ELMER URISER GREGORIO MONROY;DIVERSIFICADO;OFICIAL;RURAL;ABIERTA;MONOLINGUE;MATUTINA;DIARIO(REGULAR);PETÉN
17-05-0168-46;17-006;PETEN;LA LIBERTAD;INSTITUTO NACIONAL DE EDUCACION DIVERSIFICADA INED;NUEVA LOTIFICACION;30327264;ROERICO DE LA CRUZ ICAL;EDWIN AMILCAR GARCÍA IZAGUIRRE;DIVERSIFICADO;OFICIAL;RURAL;ABIERTA;MONOLINGUE;VESPERTINA;DIARIO(REGULAR);PETÉN
17-05-0186-46;17-006;PETEN;LA LIBERTAD;"COLEGIO PRIVADO MIXTO ""MAYEN""";CASERIO NUEVO EDEN;49858492;ROERICO DE LA CRUZ ICAL;MARTIR FABIÁN MANGANDID;DIVERSIFICADO;PRIVADO;RURAL;ABIERTA;MONOLINGUE;DOBLE;FIN DE SEMANA;PETÉN
17-05-0188-46;17-007;PETEN;LA LIBERTAD;"COLEGIO PRIVADO MIXTO ""JESUS EL DIVINO MAESTRO"" -JEDIMA-";CASERIO BETHANIA;;HUGO RENE MACZ POP;LUCIANO RAMIREZ POPA;DIVERSIFICADO;PRIVADO;RURAL;CERRADA TEMPORALMENTE;MONOLINGUE;VESPERTINA;DIARIO(REGULAR);PETÉN
17-05-0198-46;17-006;PETEN;LA LIBERTAD;ESCUELA NORMAL CENTRAL;BARRIO EL CENTRO LA LIBERTAD;46721701;ROERICO DE LA CRUZ ICAL;ALMA AZUCENA PINELO ORTIZ;DIVERSIFICADO;PRIVADO;URBANA;ABIERTA;MONOLINGUE;VESPERTINA;DIARIO(REGULAR);PETÉN
17-05-0199-46;17-006;PETEN;LA LIBERTAD;"COLEGIO PRIVADO MIXTO, ""EL PLANTEL""";CASERIO EL PLANTEL LA LIBERTAD;41580455;ROERICO DE LA CRUZ ICAL;RODOLFO AUGUSTO HERNÁNDEZ MUNGUÍA;DIVERSIFICADO;PRIVADO;RURAL;ABIERTA;MONOLINGUE;DOBLE;FIN DE SEMANA;PETÉN
17-05-0200-46;17-006;PETEN;LA LIBERTAD;"CENTRO EDUCATIVO INTEGRAL, ""FAGIOLI""";BARRIO EL CENTRO, ALDEA EL NARANJO;57816239;ROERICO DE LA CRUZ ICAL;ASMAVET EDGAR DE LEÓN YOC;DIVERSIFICADO;PRIVADO;RURAL;ABIERTA;MONOLINGUE;DOBLE;FIN DE SEMANA;PETÉN
17-05-0208-46;17-007;PETEN;LA LIBERTAD;COLEGIO DE CIENCIAS COMERCIALES LAS CRUCES, CON ORIENTACION EN COMPUTACION;ALDEA LAS CRUCES;79273890;HUGO RENE MACZ POP;ARACELI SANDOVAL VASQUEZ;DIVERSIFICADO;PRIVADO;RURAL;CERRADA TEMPORALMENTE;MONOLINGUE;MATUTINA;DIARIO(REGULAR);PETÉN
17-05-0209-46;17-007;PETEN;LA LIBERTAD;COLEGIO DE CIENCIAS COMERCIALES LAS CRUCES, CON ORIENTACION EN COMPUTACION;ALDEA LAS CRUCES;79273890;HUGO RENE MACZ POP;ARACELI SANDOVAL VASQUEZ;DIVERSIFICADO;PRIVADO;RURAL;CERRADA TEMPORALMENTE;MONOLINGUE;DOBLE;FIN DE SEMANA;PETÉN
17-05-0210-46;17-007;PETEN;LA LIBERTAD;COLEGIO DE CIENCIAS COMERCIALES LAS CRUCES, CON ORIENTACION EN COMPUTACION;ALDEA LAS CRUCES;79277390;HUGO RENE MACZ POP;---;DIVERSIFICADO;PRIVADO;RURAL;CERRADA TEMPORALMENTE;MONOLINGUE;MATUTINA;DIARIO(REGULAR);PETÉN
17-05-0211-46;17-006;PETEN;LA LIBERTAD;CENTRO DE EDUCACION INTEGRAL EL NARANJO;BARRIO EL CENTRO ALDEA EL NARANJO;57283598;ROERICO DE LA CRUZ ICAL;MIRIÁN VIRGINIA MARTÍNEZ CANTÉ;DIVERSIFICADO;PRIVADO;RURAL;ABIERTA;MONOLINGUE;VESPERTINA;DIARIO(REGULAR);PETÉN
17-05-0216-46;17-006;PETEN;LA LIBERTAD;COLEGIO SANTA CRUZ;LA LIBERTAD;79243704;ROERICO DE LA CRUZ ICAL;MARTÍN RAMÍREZ SILVESTRE;DIVERSIFICADO;PRIVADO;RURAL;ABIERTA;MONOLINGUE;VESPERTINA;DIARIO(REGULAR);PETÉN
17-05-0217-46;17-006;PETEN;LA LIBERTAD;CENTRO EDUCATIVO INTEGRAL, FAGIOLI;BARRIO EL CENTRO, ALDEA EL NARANJO;57816239;ROERICO DE LA CRUZ ICAL;ASMAVET EDGAR DE LEÓN YOC;DIVERSIFICADO;PRIVADO;RURAL;ABIERTA;MONOLINGUE;VESPERTINA;DIARIO(REGULAR);PETÉN
17-05-0223-46;17-007;PETEN;LA LIBERTAD;COLEGIO MIXTO BILINGUE BRITANNIA;ALDEA EL NARANJO;58922188;HUGO RENE MACZ POP;LIDIA MAGALY DE PAZ REYES;DIVERSIFICADO;PRIVADO;RURAL;ABIERTA;MONOLINGUE;VESPERTINA;DIARIO(REGULAR);PETÉN
17-05-0224-46;17-006;PETEN;LA LIBERTAD;COLEGIO PRIVADO MIXTO MAYEN;CASERIO NUEVO EDEN;49858492;ROERICO DE LA CRUZ ICAL;MARTIR FABIÁN MANGANDID;DIVERSIFICADO;PRIVADO;RURAL;ABIERTA;MONOLINGUE;VESPERTINA;DIARIO(REGULAR);PETÉN
17-05-0225-46;17-008;PETEN;LA LIBERTAD;INSTITUTO MIXTO DE EDUCACION BILINGUE INTERCULTURAL -IMEBI- LAGUNITAS;CASERIO LAGUNITAS;30377199;ALFONZO CLAUDIO SALES;EVELIA FLORIDALMA MILIAN MILIAN;DIVERSIFICADO;PRIVADO;RURAL;CERRADA TEMPORALMENTE;BILINGUE;DOBLE;FIN DE SEMANA;PETÉN
17-05-0226-46;17-006;PETEN;LA LIBERTAD;INSTITUTO MIXTO DE EDUCACION BILINGUE INTERCULTURAL -IMEBI- LA LIBERTAD;BARRIO EL ESTADIO;30989090;ROERICO DE LA CRUZ ICAL;MARTIN RAMIREZ SILVESTRE;DIVERSIFICADO;PRIVADO;RURAL;CERRADA TEMPORALMENTE;BILINGUE;DOBLE;FIN DE SEMANA;PETÉN
17-05-0227-46;17-008;PETEN;LA LIBERTAD;INSTITUTO MIXTO DE EDUCACION BILINGUE INTERCULTURAL -IMEBI- GUATELINDA SAN DIEGO;CASERIO GUATELINDA SAN DIEGO;40894718;ALFONZO CLAUDIO SALES;NEHEMIAS SAUL GARCIA FLORIAN;DIVERSIFICADO;PRIVADO;RURAL;CERRADA TEMPORALMENTE;BILINGUE;DOBLE;FIN DE SEMANA;PETÉN
17-05-0228-46;17-007;PETEN;LA LIBERTAD;COLEGIO PRIVADO MIXTO -JEDIMA- PALESTINA;CASERIO PALESTINA;40311962;HUGO RENE MACZ POP;INGRID ELIZABETH PEREZ RAMOS;DIVERSIFICADO;PRIVADO;RURAL;CERRADA TEMPORALMENTE;MONOLINGUE;VESPERTINA;DIARIO(REGULAR);PETÉN
17-05-0230-46;17-006;PETEN;LA LIBERTAD;INSTITUTO MIXTO DE EDUCACION BILINGUE INTERCULTURAL -IMEBI- VISTA HERMOSA;CASERIO VISTA HERMOSA;;ROERICO DE LA CRUZ ICAL;ANDRES DOMINGO PAIZ;DIVERSIFICADO;PRIVADO;RURAL;CERRADA TEMPORALMENTE;BILINGUE;DOBLE;FIN DE SEMANA;PETÉN
17-05-0232-46;17-006;PETEN;LA LIBERTAD;LICEO MIXTO MODERNO SANTA FE;BARRIO EL CENTRO LA LIBERTAD;55742301;ROERICO DE LA CRUZ ICAL;DELMY GABRIELA LUNA SIERRA;DIVERSIFICADO;PRIVADO;URBANA;ABIERTA;MONOLINGUE;VESPERTINA;DIARIO(REGULAR);PETÉN
17-05-0234-46;17-006;PETEN;LA LIBERTAD;LICEO MIXTO MODERNO SANTA FE;BARRIO EL CENTRO;45309965;ROERICO DE LA CRUZ ICAL;DELMY GABRIELA LUNA SIERRA;DIVERSIFICADO;PRIVADO;URBANA;ABIERTA;MONOLINGUE;VESPERTINA;DIARIO(REGULAR);PETÉN
17-05-0238-46;17-006;PETEN;LA LIBERTAD;"LICEO INTEGRAL CIENCIA Y VERDAD ""CIEV""";BARRIO EL ESTADIO;46967643;ROERICO DE LA CRUZ ICAL;CESIA EUNICE MAGALLÓN MARROQUÍN;DIVERSIFICADO;PRIVADO;URBANA;ABIERTA;MONOLINGUE;VESPERTINA;DIARIO(REGULAR);PETÉN
17-05-0249-46;17-006;PETEN;LA LIBERTAD;"COLEGIO MIXTO PRIVADO ""MARTHA MARÍA""";CASERIO NUEVA VISTA HERMOSA, KILOMETRO 35;45734290;ROERICO DE LA CRUZ ICAL;JUAN ANTONIO LEMUS LÓPEZ;DIVERSIFICADO;PRIVADO;RURAL;ABIERTA;MONOLINGUE;VESPERTINA;DIARIO(REGULAR);PETÉN
17-05-0250-46;17-007;PETEN;LA LIBERTAD;COLEGIO MIXTO BILINGUE BRITANNIA;BARRIO ONCE DE NOVIEMBRE ALDEA EL NARANJO;58922188;HUGO RENE MACZ POP;LIDIA MAGALY DE PAZ REYES;DIVERSIFICADO;PRIVADO;RURAL;ABIERTA;MONOLINGUE;DOBLE;FIN DE SEMANA;PETÉN
17-05-0257-46;17-006;PETEN;LA LIBERTAD;COLEGIO MIXTO DE EDUCACIÓN MEDIA -CMEM- EL INNOVADOR;CASERIO GUATELINDA SAN DIEGO;45386655;ROERICO DE LA CRUZ ICAL;RONY GONZALO MANZANERO GONZÁLEZ;DIVERSIFICADO;PRIVADO;RURAL;ABIERTA;MONOLINGUE;VESPERTINA;DIARIO(REGULAR);PETÉN
17-05-0258-46;17-007;PETEN;LA LIBERTAD;"COLEGIO MIXTO BILIGUE ""BRITANNIA""";ALDEA EL NARANJO;51617598;HUGO RENE MACZ POP;LIDIA MAGALY DE PAZ REYES;DIVERSIFICADO;PRIVADO;RURAL;ABIERTA;MONOLINGUE;DOBLE;FIN DE SEMANA;PETÉN
17-05-0260-46;17-006;PETEN;LA LIBERTAD;CENTRO DE EDUCACION INTEGRAL EL NARANJO;ALDEA EL NARANJO;57283598;ROERICO DE LA CRUZ ICAL;MIRIÁN VIRGINIA MARTÍNEZ CANTÉ;DIVERSIFICADO;PRIVADO;RURAL;ABIERTA;BILINGUE;DOBLE;FIN DE SEMANA;PETÉN
17-05-0261-46;17-006;PETEN;LA LIBERTAD;INSTITUTO MIXTO DE EDUCACION BILINGUE INTERCUL;BARRIO SANTA CRUZ;30989090;ROERICO DE LA CRUZ ICAL;MARTÍN RAMÍREZ SILVESTRE;DIVERSIFICADO;PRIVADO;RURAL;ABIERTA;MONOLINGUE;VESPERTINA;DIARIO(REGULAR);PETÉN
17-05-0267-46;17-006;PETEN;LA LIBERTAD;COLEGIO MIXTO CRISTIANO JESUCRISTO VIVE POR SIEMPRE;BARRIO BUENA VISTA;45031691;ROERICO DE LA CRUZ ICAL;WALESKA ESTEFANIA BOLAÑOS SANCHEZ;DIVERSIFICADO;PRIVADO;URBANA;CERRADA TEMPORALMENTE;MONOLINGUE;VESPERTINA;DIARIO(REGULAR);PETÉN
17-05-0271-46;17-047;PETEN;LA LIBERTAD;"COLEGIO MIXTO PRIBADO ""A RABI BASAJ""(JESUCRISTO VIVE POR SIEMPRE)";CASERIO EL CEIBO;45031691;VILMA ARACELY GARCIA CRISOSTOMO;CLADIA ELIZABETH POCO OCHAETA;DIVERSIFICADO;PRIVADO;RURAL;ABIERTA;MONOLINGUE;VESPERTINA;DIARIO(REGULAR);PETÉN
17-05-0280-46;17-041;PETEN;LA LIBERTAD;"CENTRO EDUCATIVO ""MIGUEL ANGEL FLORIAN""";BARRIO EL CENTRO CASERIO LAS RUINAS;49480844;MARTIR FABIAN MANGANDID;LESLY YOLITA FLORIAN ZUÑIGA;DIVERSIFICADO;PRIVADO;RURAL;ABIERTA;MONOLINGUE;VESPERTINA;DIARIO(REGULAR);PETÉN
17-05-0294-46;17-007;PETEN;LA LIBERTAD;LICEO EDUCATIVO SICAR;ALDEA EL NARANJO-BARRIO DE JUAREZ;45041903;HUGO RENE MACZ POP;ESMILDA OSIRIS RAMOS PANCÁN;DIVERSIFICADO;PRIVADO;RURAL;CERRADA TEMPORALMENTE;MONOLINGUE;VESPERTINA;DIARIO(REGULAR);PETÉN
17-05-0296-46;17-007;PETEN;LA LIBERTAD;LICEO EDUCATIVO SICAR;ALDEA EL NARANJO BARRIO LO DE JUAREZ;45041903;HUGO RENE MACZ POP;ESMILDA OSIRIS RAMOS PANCÁN;DIVERSIFICADO;PRIVADO;RURAL;CERRADA TEMPORALMENTE;MONOLINGUE;DOBLE;FIN DE SEMANA;PETÉN
17-05-0297-46;17-007;PETEN;LA LIBERTAD;CWENTRO EDUCATIVO SICAR;ALDEA EL NARANJO BARRIO LO DE JUAREZ;45041903;HUGO RENE MACZ POP;ESMILDA OSIRIS RAMOS PANCAN;DIVERSIFICADO;PRIVADO;RURAL;CERRADA TEMPORALMENTE;MONOLINGUE;DOBLE;FIN DE SEMANA;PETÉN
17-05-0298-46;17-006;PETEN;LA LIBERTAD;INSTITUTO NACIONAL DE EDUCACIÓN DIVERSIFICADA- INED-;CASERIO LAS RUINAS;33254332;ROERICO DE LA CRUZ ICAL;MARVIN HAROLDO ALARCÓN ACOSTA;DIVERSIFICADO;OFICIAL;RURAL;ABIERTA;MONOLINGUE;VESPERTINA;DIARIO(REGULAR);PETÉN
17-05-0299-46;17-006;PETEN;LA LIBERTAD;"COLEGIO DE EDUCACION INTEGRAL CON ORIENTACION UNIVERSITARIA, ""EL PODER DEL SABER""";CASERIO GUATELINDA SAN DIEGO;57564332;ROERICO DE LA CRUZ ICAL;WILIAN UVALDO MÉRIDA MUY;DIVERSIFICADO;PRIVADO;RURAL;ABIERTA;MONOLINGUE;DOBLE;FIN DE SEMANA;PETÉN
17-05-0301-46;17-006;PETEN;LA LIBERTAD;"COLEGIO MIXTO DE EDUCACIÓN MEDIA ""EL INNOVADOR""";GUATELINDA SAN DIEGO;48388684;ROERICO DE LA CRUZ ICAL;RONY GONZALO MANZANERO GONZÁLEZ;DIVERSIFICADO;PRIVADO;RURAL;ABIERTA;MONOLINGUE;DOBLE;FIN DE SEMANA;PETÉN
17-05-0305-46;17-006;PETEN;LA LIBERTAD;ESCUELA NORMAL CON ORIENTACION AMBIENTAL;BARRIO EL CENTRO;30748520;ROERICO DE LA CRUZ ICAL;GRACIELA DE JESÚS FRANCO CASTILLO;DIVERSIFICADO;PRIVADO;URBANA;ABIERTA;MONOLINGUE;DOBLE;FIN DE SEMANA;PETÉN
17-05-0308-46;17-006;PETEN;LA LIBERTAD;"CENTRO EDUCATIVO ""SAN PEDRO"", FE Y ALEGRÍA, NO. 37.";ALDEA EL NARANJO;53085257;ROERICO DE LA CRUZ ICAL;RAQUEL MILIÁN Y MILIÁN;DIVERSIFICADO;PRIVADO;RURAL;ABIERTA;MONOLINGUE;MATUTINA;DIARIO(REGULAR);PETÉN
17-05-0309-46;17-006;PETEN;LA LIBERTAD;CENTRO EDUCATIVO SAN PEDRO FE Y ALEGRIA NO.41;CASERIO LAGUNITAS;59514752;ROERICO DE LA CRUZ ICAL;EVELIA FLORIDALMA MILIÁN Y MILIÁN;DIVERSIFICADO;PRIVADO;RURAL;ABIERTA;MONOLINGUE;VESPERTINA;DIARIO(REGULAR);PETÉN
17-05-0310-46;17-006;PETEN;LA LIBERTAD;INSTITUTO INDIGENA PARA EL DESARROLLO RURAL INTEGRAL INDRI;CANTON EL CRUCE A ALDEA LA ESPERANZA;51510194;ROERICO DE LA CRUZ ICAL;ALICIA ISABEL COOCH BÁ;DIVERSIFICADO;PRIVADO;RURAL;ABIERTA;BILINGUE;DOBLE;DIARIO(REGULAR);PETÉN
17-05-0319-46;17-006;PETEN;LA LIBERTAD;CENTRO DE EDUCACION INTEGRAL EL NARANJO;ALDEA EL NARANJO;53663885;ROERICO DE LA CRUZ ICAL;MIRIÁN VIRGINIA MARTÍNEZ CANTÉ;DIVERSIFICADO;PRIVADO;RURAL;ABIERTA;MONOLINGUE;MATUTINA;DIARIO(REGULAR);PETÉN
17-05-0321-46;17-006;PETEN;LA LIBERTAD;CENTRO EDUCATIVO GUADALUPANO;BARRIO EL CENTRO;30366955;ROERICO DE LA CRUZ ICAL;HENRY ROLANDO MATUS SÁNCHEZ;DIVERSIFICADO;PRIVADO;URBANA;ABIERTA;MONOLINGUE;DOBLE;FIN DE SEMANA;PETÉN
17-05-0326-46;17-008;PETEN;LA LIBERTAD;COLEGIO DE EDUCACION INTEGRAL CON ORIENTACION UNIVERSITARIA EL PODER DEL SABER;ALDEA GUATELINDA SAN DIEGO;57264881;ALFONZO CLAUDIO SALES;WILIAN UVALDO MÉRIDA MUY;DIVERSIFICADO;PRIVADO;RURAL;ABIERTA;MONOLINGUE;SIN JORNADA;FIN DE SEMANA;PETÉN
17-05-0330-46;17-006;PETEN;LA LIBERTAD;COLEGIO SANTA CRUZ;BARRIO SANTA CRUZ;53407688;ROERICO DE LA CRUZ ICAL;MARTÍN RAMÍREZ SILVESTRE;DIVERSIFICADO;PRIVADO;URBANA;ABIERTA;MONOLINGUE;SIN JORNADA;SEMIPRESENCIAL (UN DÍA A LA SEMANA);PETÉN
17-05-0332-46;17-006;PETEN;LA LIBERTAD;INSTITUTO NACIONAL DE EDUCACION DIVERSIFICADA INED;CASERIO POZO AZUL;55841567;ROERICO DE LA CRUZ ICAL;EDRAS DONALDO PORTILLO GÓMEZ;DIVERSIFICADO;OFICIAL;RURAL;ABIERTA;MONOLINGUE;VESPERTINA;DIARIO(REGULAR);PETÉN
17-05-0333-46;17-006;PETEN;LA LIBERTAD;CENTRO EDUCATIVO INTEGRAL FAGIOLI;ALDEA EL NARANJO;57816239;ROERICO DE LA CRUZ ICAL;ASMAVET EDGAR DE LEÓN YOC;DIVERSIFICADO;PRIVADO;RURAL;ABIERTA;MONOLINGUE;SIN JORNADA;SEMIPRESENCIAL (FIN DE SEMANA);PETÉN
17-05-0335-46;17-006;PETEN;LA LIBERTAD;CENTRO DE EDUCACION INTEGRAL EL NARANJO-CEIN-;ALDEA EL NARANJO;53663885;ROERICO DE LA CRUZ ICAL;MIRIÁN VIRGINIA MARTÍNEZ CANTÉ;DIVERSIFICADO;PRIVADO;RURAL;ABIERTA;MONOLINGUE;SIN JORNADA;SEMIPRESENCIAL (UN DÍA A LA SEMANA);PETÉN
17-05-0337-46;17-006;PETEN;LA LIBERTAD;ESCUELA NORMAL CON ORIENTACION AMBIENTAL-ENCA-;BARRIIO EL CENTRO;45734290;ROERICO DE LA CRUZ ICAL;CARLOS ALEJANDRO DURÁN RAMÍREZ;DIVERSIFICADO;PRIVADO;URBANA;ABIERTA;MONOLINGUE;SIN JORNADA;SEMIPRESENCIAL (UN DÍA A LA SEMANA);PETÉN
17-05-0340-46;17-006;PETEN;LA LIBERTAD;CENTRO EDUCATIVO GUADALUPANO;BARRIO EL ,CENTRO;30366955;ROERICO DE LA CRUZ ICAL;HENRY ROLANDO MATUS SÁNCHEZ;DIVERSIFICADO;PRIVADO;URBANA;ABIERTA;MONOLINGUE;SIN JORNADA;SEMIPRESENCIAL (UN DÍA A LA SEMANA);PETÉN
17-05-0342-46;17-006;PETEN;LA LIBERTAD;COLEGIO MIXTO DE EDUCACION MEDIA CMEM EL INNOVADOR;CASERIO GUATELINDA SAN DIEGO;50060406;ROERICO DE LA CRUZ ICAL;RONY GONZALO MANZANERO GONZÁLEZ;DIVERSIFICADO;PRIVADO;RURAL;ABIERTA;MONOLINGUE;SIN JORNADA;SEMIPRESENCIAL (UN DÍA A LA SEMANA);PETÉN
17-05-0343-46;17-007;PETEN;LA LIBERTAD;CCENRO EDUCATIVO FE Y ALEGRIA NO.37;ALDEA EL NARANJO;59221159;HUGO RENE MACZ POP;RAQUEL MILIÁN Y MILIÁN;DIVERSIFICADO;PRIVADO;RURAL;ABIERTA;MONOLINGUE;DOBLE;SEMIPRESENCIAL;PETÉN
17-05-0490-46;;PETEN;LA LIBERTAD;INSTITUTO PRIVADO MIXTO DE EDUCACION DIVERSIFICADA DE BACHILLERATO EN CIENCIAS Y LETRAS JN;;;;;DIVERSIFICADO;PRIVADO;URBANA;CERRADA TEMPORALMENTE;MONOLINGUE;NOCTURNA;DIARIO(REGULAR);PETÉN
17-05-1308-46;;PETEN;LA LIBERTAD;INSTITUTO PRIVADO MIXTO NOCTURNO;;;;;DIVERSIFICADO;PRIVADO;RURAL;CERRADA TEMPORALMENTE;MONOLINGUE;NOCTURNA;DIARIO(REGULAR);PETÉN
17-05-2230-46;;PETEN;LA LIBERTAD;INSTITUTO PRIVADO MIXTO NOCTURNO DE CIENCIAS COMERCIALES;ALDEA LOS CRUCES;;;;DIVERSIFICADO;PRIVADO;URBANA;CERRADA TEMPORALMENTE;MONOLINGUE;NOCTURNA;DIARIO(REGULAR);PETÉN
17-05-3351-46;17-007;PETEN;LA LIBERTAD;COLEGIO DE CIENCIAS COMERCIALES LAS CRUCES CON ORIENTACION EN COMPUTACION;ALDEA LAS CRUCES;79277390;HUGO RENE MACZ POP;;DIVERSIFICADO;PRIVADO;RURAL;CERRADA TEMPORALMENTE;MONOLINGUE;VESPERTINA;DIARIO(REGULAR);PETÉN
17-05-3658-46;17-006;PETEN;LA LIBERTAD;ESCUELA NORMAL CON ORIENTACION AMBIENTAL;BARRIO EL CENTRO LA LIBERTAD;45734290;ROERICO DE LA CRUZ ICAL;CARLOS ALEJANDRO DURÁN RAMÍREZ;DIVERSIFICADO;PRIVADO;URBANA;ABIERTA;MONOLINGUE;VESPERTINA;DIARIO(REGULAR);PETÉN
17-05-3659-46;17-007;PETEN;LA LIBERTAD;COLEGIO PRIVADO MIXTO EL DIVINO MAESTRO;ALDEA LAS CRUCES;;HUGO RENE MACZ POP;--;DIVERSIFICADO;PRIVADO;RURAL;CERRADA TEMPORALMENTE;MONOLINGUE;VESPERTINA;DIARIO(REGULAR);PETÉN
17-05-3885-46;17-007;PETEN;LA LIBERTAD;COLEGIO MIXTO ADVENTISTA GETSEMANI;ALDEA LAS CRUCES;;HUGO RENE MACZ POP;;DIVERSIFICADO;PRIVADO;RURAL;CERRADA TEMPORALMENTE;MONOLINGUE;VESPERTINA;DIARIO(REGULAR);PETÉN
17-05-4008-46;17-006;PETEN;LA LIBERTAD;INSTITUTO TECNOLOGICO EN RECURSOS NATURALES SAKLUM;CANTON EL CRUCE ALDEA LA ESPERANZA;53239274;ROERICO DE LA CRUZ ICAL;AMALIA POOB CHOC;DIVERSIFICADO;PRIVADO;RURAL;ABIERTA;MONOLINGUE;DOBLE;DIARIO(REGULAR);PETÉN
17-05-4057-46;17-006;PETEN;LA LIBERTAD;COLEGIO SANTA CRUZ;BARRIO SANTA CRUZ;79243704;ROERICO DE LA CRUZ ICAL;MARTÍN RAMÍREZ SILVESTRE;DIVERSIFICADO;PRIVADO;RURAL;ABIERTA;MONOLINGUE;DOBLE;FIN DE SEMANA;PETÉN
17-05-4067-46;17-006;PETEN;LA LIBERTAD;ESCUELA NORMAL CON ORIENTACION AMBIENTAL;BARRIO EL CENTRO;45734290;ROERICO DE LA CRUZ ICAL;FREDY MATIAS;DIVERSIFICADO;PRIVADO;URBANA;CERRADA TEMPORALMENTE;MONOLINGUE;DOBLE;FIN DE SEMANA;PETÉN
17-05-4181-46;17-007;PETEN;LA LIBERTAD;COLEGIO PRIVADO MIXTO 'EL DIVINO MAESTRO';ALDEA LAS CRUCES;;HUGO RENE MACZ POP;;DIVERSIFICADO;PRIVADO;RURAL;CERRADA TEMPORALMENTE;MONOLINGUE;DOBLE;FIN DE SEMANA;PETÉN
17-06-0023-46;17-031;PETEN;SAN FRANCISCO;INSTITUTO NACIONAL DE EDUCACION DIVERSIFICADA;BARRIO SAN RAFAEL;30759288;GREGORIO ARGUETA SAMAYOA;MIRNA LORENA RAMÍREZ TORRES;DIVERSIFICADO;OFICIAL;URBANA;ABIERTA;MONOLINGUE;VESPERTINA;DIARIO(REGULAR);PETÉN
17-06-0028-46;17-009;PETEN;SAN FRANCISCO;CENTRO EDUCATIVO MAYAB;10CALLE3RA.AVE. ZONA 1;54826739;ALVIS ORLANDO CORADO CARRILLO;KARINA LISSET ROMERO OCHAETA;DIVERSIFICADO;PRIVADO;URBANA;CERRADA TEMPORALMENTE;MONOLINGUE;DOBLE;DIARIO(REGULAR);PETÉN
17-06-0031-46;17-031;PETEN;SAN FRANCISCO;INSTITUTO DIVERSIFICADO POR COOPERATIVA DE ENSEÑANZA;BARRIO SAN RAFAEL;55513161;GREGORIO ARGUETA SAMAYOA;MIRNA LORENA RAMÍREZ TORRES;DIVERSIFICADO;COOPERATIVA;URBANA;ABIERTA;MONOLINGUE;VESPERTINA;DIARIO(REGULAR);PETÉN
17-06-0033-46;17-009;PETEN;SAN FRANCISCO;"CENTRO EDUCATIVO ""MAYAB""";3ERA.CALLE 10MA. AV. ZONA 1;54826739;ALVIS ORLANDO CORADO CARRILLO;WALTER RAFAÉL OCHAETA QUIXCHÁN;DIVERSIFICADO;PRIVADO;URBANA;ABIERTA;MONOLINGUE;VESPERTINA;DIARIO(REGULAR);PETÉN
17-06-0036-46;17-009;PETEN;SAN FRANCISCO;"INSTITUTO NACIONAL DIVERSIFICADO DE BACHILLERATO INDUSTRIAL ""LIC. RODERICO SANTOS SEGURA TRUJILLO""";BARRIO CONCORDIA;79274363;ALVIS ORLANDO CORADO CARRILLO;JOSÉ JOEL LÓPEZ ALAY;DIVERSIFICADO;OFICIAL;URBANA;CERRADA TEMPORALMENTE;MONOLINGUE;DOBLE;DIARIO(REGULAR);PETÉN
17-06-0037-46;17-031;PETEN;SAN FRANCISCO;INSTITUTO TECNICO DE CAPACITACIÓN Y PRODUCTIVIDAD-INTECAP;CASERIO SANTA CRUZ;77402100;GREGORIO ARGUETA SAMAYOA;THELMA MARÍA PECHE TESUCÚN;DIVERSIFICADO;PRIVADO;RURAL;ABIERTA;MONOLINGUE;DOBLE;DIARIO(REGULAR);PETÉN
17-06-0040-46;17-009;PETEN;SAN FRANCISCO;INSTITUTO TÉCNICO MUNICIPAL DE FORMACIÓN;BARRIO SAN RAFAEL;33956152;ALVIS ORLANDO CORADO CARRILLO;JUAN ALBERTO SANTOS LÁZARO;DIVERSIFICADO;PRIVADO;URBANA;ABIERTA;MONOLINGUE;SIN JORNADA;SEMIPRESENCIAL (UN DÍA A LA SEMANA);PETÉN
17-06-0121-46;17-031;PETEN;SAN FRANCISCO;"INSTITUTO NACIONAL DIVERSIFICADO DE BACHILLERATO INDUSTRIAL ""LIC. RODERICO SANTOS SEGURA TRUJILLO""";BARRIO CONCORDIA;79274363;GREGORIO ARGUETA SAMAYOA;JOSÉ JOEL LÓPEZ ALAY;DIVERSIFICADO;OFICIAL;URBANA;ABIERTA;MONOLINGUE;VESPERTINA;DIARIO(REGULAR);PETÉN
17-06-1045-46;17-010;PETEN;SAN FRANCISCO;COLEGIO VOCACIONAL DE CIENCIAS COMERCIALES;SAN FRANCISCO;;EDWIN HUMBERTO MONTERO ALDANA;JORGE MARIO OCHAETA;DIVERSIFICADO;PRIVADO;URBANA;CERRADA TEMPORALMENTE;MONOLINGUE;NOCTURNA;DIARIO(REGULAR);PETÉN
17-07-0010-46;17-011;PETEN;SANTA ANA;INSTITUTO NACIONAL DE EDUCACION DIVERSIFICADA;ALDEA LOS ANGELES;46413739;GUSTAVO ADOLFO REYNOSO HERRERA;NINFA DALILA REVOLORIO ESPADA;DIVERSIFICADO;OFICIAL;RURAL;ABIERTA;MONOLINGUE;MATUTINA;DIARIO(REGULAR);PETÉN
17-07-0029-46;17-010;PETEN;SANTA ANA;"COLEGIO PRIVADO ""GETZEMANI""";ALDEA EL MANGO;46044932;EDWIN HUMBERTO MONTERO ALDANA;CONCEPCION ORTIZ GARCIA;DIVERSIFICADO;PRIVADO;RURAL;CERRADA TEMPORALMENTE;MONOLINGUE;VESPERTINA;DIARIO(REGULAR);PETÉN
17-07-0033-46;17-010;PETEN;SANTA ANA;INSTITUTO MIXTO DE EDUCACION BILINGUE INTERCULTURAL-IMEBI-;ALDEA LA LAGUNA;58887789;EDWIN HUMBERTO MONTERO ALDANA;JOSE GABRIEL GARCIA IZAGUIRRE;DIVERSIFICADO;PRIVADO;RURAL;CERRADA TEMPORALMENTE;MONOLINGUE;VESPERTINA;DIARIO(REGULAR);PETÉN
17-07-0037-46;17-011;PETEN;SANTA ANA;CENTRO EDUCATIVO INTEGRAL MANANTIAL DE SABIDURIA;5TA..AVENIDA, ZONA 1 BARRIO EL CENTRO;40698999;GUSTAVO ADOLFO REYNOSO HERRERA;JOSÉ DANIEL GUZMÁN PAYERAS;DIVERSIFICADO;PRIVADO;URBANA;ABIERTA;MONOLINGUE;MATUTINA;DIARIO(REGULAR);PETÉN
17-07-0041-46;17-011;PETEN;SANTA ANA;COLEGIO CRISTIANO ARBOL DE VIDA;ALDEA LOS ANGELES;77923502;GUSTAVO ADOLFO REYNOSO HERRERA;ENMA JUDITH PAZ CRUZ;DIVERSIFICADO;PRIVADO;RURAL;ABIERTA;MONOLINGUE;VESPERTINA;DIARIO(REGULAR);PETÉN
17-07-0043-46;17-011;PETEN;SANTA ANA;LICEO EDUCATIVO SANTA ANA -LICESA-;BARRIO EL CENTRO;32608217;GUSTAVO ADOLFO REYNOSO HERRERA;MARVIN MARCONNY LOPEZ OVANDO;DIVERSIFICADO;PRIVADO;URBANA;ABIERTA;MONOLINGUE;DOBLE;FIN DE SEMANA;PETÉN
17-07-0045-46;17-011;PETEN;SANTA ANA;CENTRO EDUCATIVO INTEGRAL MANANTIAL DE SABIDURIA -CEIMSA-;5A.AV.ZONA 1 BARRIO EL CENTRO;51689548;GUSTAVO ADOLFO REYNOSO HERRERA;WILMER RUÍZ CORADO;DIVERSIFICADO;PRIVADO;URBANA;ABIERTA;MONOLINGUE;DOBLE;FIN DE SEMANA;PETÉN
17-07-0048-46;17-011;PETEN;SANTA ANA;COLEGIO CRISTIANO ARBOL DE VIDA;ALDE LOS ANGELES;77923502;GUSTAVO ADOLFO REYNOSO HERRERA;ENMA JUDITH PAZ CRUZ;DIVERSIFICADO;PRIVADO;RURAL;ABIERTA;BILINGUE;VESPERTINA;DIARIO(REGULAR);PETÉN
17-07-0049-46;17-011;PETEN;SANTA ANA;COLEGIO CRISTIANO ARBOL DE VIDA;ALDEA LOS ANGELES;77923502;GUSTAVO ADOLFO REYNOSO HERRERA;ENMA JUDITH PAZ CRUZ;DIVERSIFICADO;PRIVADO;RURAL;CERRADA TEMPORALMENTE;BILINGUE;VESPERTINA;DIARIO(REGULAR);PETÉN
17-07-0051-46;17-011;PETEN;SANTA ANA;"CENTRO EDUCATIVO ""OR JOJMA""";ALDEA EL MANGO;40010707;GUSTAVO ADOLFO REYNOSO HERRERA;CONCEPCIÓN ORTIZ GARCIA;DIVERSIFICADO;PRIVADO;RURAL;ABIERTA;MONOLINGUE;DOBLE;FIN DE SEMANA;PETÉN
17-07-0057-46;17-011;PETEN;SANTA ANA;"CENTRO EDUCATIVO ""OR JOJMA""";ALDEA EL MANGO;40010707;GUSTAVO ADOLFO REYNOSO HERRERA;CONCEPCIÓN ORTIZ GARCIA;DIVERSIFICADO;PRIVADO;RURAL;ABIERTA;MONOLINGUE;SIN JORNADA;SEMIPRESENCIAL (UN DÍA A LA SEMANA);PETÉN
17-07-1219-46;;PETEN;SANTA ANA;ESCUELA DE CIENCIAS COMERCIALES 'SANTA ANA';;;;;DIVERSIFICADO;MUNICIPAL;URBANA;CERRADA TEMPORALMENTE;MONOLINGUE;VESPERTINA;DIARIO(REGULAR);PETÉN
17-07-2205-46;17-011;PETEN;SANTA ANA;"""ESCUELA DE MAGISTERIO""";BARRIO EL CENTRO;59496761;GUSTAVO ADOLFO REYNOSO HERRERA;JOSE ANTONIO ROMERO BERGES;DIVERSIFICADO;PRIVADO;URBANA;ABIERTA;MONOLINGUE;VESPERTINA;DIARIO(REGULAR);PETÉN
17-07-3887-46;17-011;PETEN;SANTA ANA;"INSTITUTO MUNICIPAL DE EDUCACIÓN DIVERSIFICADA ""SEÑOR CARLOS HUMBERTO GARRIDO CATALÁN""";BARRIO EL CENTRO SANTA ANA;45244882;GUSTAVO ADOLFO REYNOSO HERRERA;LUIS ALBERTO ROCA ÁLVAREZ;DIVERSIFICADO;MUNICIPAL;URBANA;ABIERTA;MONOLINGUE;MATUTINA;DIARIO(REGULAR);PETÉN
17-08-0001-46;17-012;PETEN;DOLORES;LICEO EDUCATIVO ARTE Y CULTURA;BARRIO EL CENTRO;33006381;OSVALDO ALBERTO HOIL OBANDO;LISBETH GISSELLA DÁVILA OVANDO;DIVERSIFICADO;PRIVADO;URBANA;ABIERTA;MONOLINGUE;VESPERTINA;DIARIO(REGULAR);PETÉN
17-08-0002-46;17-012;PETEN;DOLORES;LICEO EDUCATIVO ARTE Y CULTURA;BARRIO EL CENTRO;79266005;OSVALDO ALBERTO HOIL OBANDO;LIDIA DALILA OVANDO HEREDIA;DIVERSIFICADO;PRIVADO;URBANA;CERRADA TEMPORALMENTE;MONOLINGUE;MATUTINA;DIARIO(REGULAR);PETÉN
17-08-0003-46;17-014;PETEN;DOLORES;COLEGIO MIXTO PRIVADO SAN PEDRO MARTIR DE VERONA;ALDEA CALZADA MOPAN;33331080;MARIO AROLDO GUZMAN ALDANA;MANUEL CRUZ PEDRO;DIVERSIFICADO;PRIVADO;RURAL;ABIERTA;MONOLINGUE;VESPERTINA;DIARIO(REGULAR);PETÉN
17-08-0004-46;17-012;PETEN;DOLORES;"COLEGIO ""IXTANCHE""";BARRIO EL CENTRO;79277391;OSVALDO ALBERTO HOIL OBANDO;OLGA ICAL YAQUE;DIVERSIFICADO;PRIVADO;URBANA;ABIERTA;MONOLINGUE;VESPERTINA;DIARIO(REGULAR);PETÉN
17-08-0068-46;17-013;PETEN;DOLORES;LICEO EDUCATIVO SALEM;ALDEA EL CHAL;41410556;BRAULIO AMILCAR CHAN TESUCUN;ADELITA BARRERA GARCIA;DIVERSIFICADO;PRIVADO;RURAL;CERRADA TEMPORALMENTE;MONOLINGUE;MATUTINA;DIARIO(REGULAR);PETÉN
17-08-0072-46;17-012;PETEN;DOLORES;"LICEO EDUCATIVO ""ARTE Y CULTURA""";BARRIO EL CENTRO;33006381;OSVALDO ALBERTO HOIL OBANDO;LISBETH GISSELLA DÁVILA OVANDO;DIVERSIFICADO;PRIVADO;URBANA;ABIERTA;MONOLINGUE;DOBLE;FIN DE SEMANA;PETÉN
17-08-0088-46;17-014;PETEN;DOLORES;"CENTRO EDUCATIVO ""MOPAN""";ALDEA CALZADA MOPAN;79277391;MARIO AROLDO GUZMAN ALDANA;DEISY ADALÍ NAJARRO ZUÑIGA;DIVERSIFICADO;PRIVADO;RURAL;ABIERTA;MONOLINGUE;VESPERTINA;DIARIO(REGULAR);PETÉN
17-08-0090-46;17-012;PETEN;DOLORES;"LICEO EDUCATIVO ""ARTE Y CULTURA"" LICENCIADO HUGO LEONEL BONILLA FLORIÁN";CASERIO SABANETAS;79366005;OSVALDO ALBERTO HOIL OBANDO;NORBERTO ANTONIO OVANDO HEREDIA;DIVERSIFICADO;PRIVADO;RURAL;CERRADA TEMPORALMENTE;MONOLINGUE;DOBLE;FIN DE SEMANA;PETÉN
17-08-0095-46;17-012;PETEN;DOLORES;COLEGIO MIXTO PRIVADO NUESTRA SEÑORA DE LOS DOLORES;BARRIO EL CENTRO;31794859;OSVALDO ALBERTO HOIL OBANDO;ESTUARDO TOMÁS CORZO ALDANA;DIVERSIFICADO;PRIVADO;URBANA;ABIERTA;MONOLINGUE;VESPERTINA;DIARIO(REGULAR);PETÉN
17-08-0096-46;17-012;PETEN;DOLORES;"COLEGIO ""SAN MARTIN DE PORRES""";BARRIO SAN RAMON;79266095;OSVALDO ALBERTO HOIL OBANDO;SANTOS DAVID MIGUEL CORDÓN;DIVERSIFICADO;PRIVADO;URBANA;CERRADA TEMPORALMENTE;MONOLINGUE;VESPERTINA;DIARIO(REGULAR);PETÉN
17-08-0098-46;17-012;PETEN;DOLORES;COLEGIO MIXTO PRIVADO IXTANCHE;BARRIO EL CENTRO;79277391;OSVALDO ALBERTO HOIL OBANDO;OLGA ICAL YAQUE;DIVERSIFICADO;PRIVADO;URBANA;ABIERTA;MONOLINGUE;DOBLE;FIN DE SEMANA;PETÉN
17-08-0101-46;17-003;PETEN;DOLORES;LICEO INTEGRAL NUEVA GENERACION - LING-;CARRIO EL PEDREGAL;41821593;FERNANDO RAFAEL LEAL CORDOVA;LISBETH YESENIA CRUZ CASTILLO;DIVERSIFICADO;PRIVADO;URBANA;CERRADA TEMPORALMENTE;MONOLINGUE;DOBLE;FIN DE SEMANA;PETÉN
17-08-0105-46;17-012;PETEN;DOLORES;"CENTRO EDUCATIVO ""RABI ANIBAL E. ALVAREZ MORALES""";BARRIO EL MIRADOR;57663555;OSVALDO ALBERTO HOIL OBANDO;MARLENY ELIZABETH HERRERA HEREDIA;DIVERSIFICADO;PRIVADO;URBANA;ABIERTA;MONOLINGUE;DOBLE;FIN DE SEMANA;PETÉN
17-08-0108-46;17-014;PETEN;DOLORES;CENTRO EDUCTIVO MOPAN -CEMOP-;ALDEA CALZADA MOPAN;49723;MARIO AROLDO GUZMAN ALDANA;DEISY ADALÍ NAJARRO ZUÑIGA;DIVERSIFICADO;PRIVADO;RURAL;ABIERTA;MONOLINGUE;DOBLE;FIN DE SEMANA;PETÉN
17-08-0111-46;17-014;PETEN;DOLORES;CENTRO EDUCATIVO MOPAN -CEMOP-;ALDEA CALZADA MOPAN;49723637;MARIO AROLDO GUZMAN ALDANA;DEISY ADALÍ NAJARRO ZUÑIGA;DIVERSIFICADO;PRIVADO;RURAL;ABIERTA;MONOLINGUE;SIN JORNADA;SEMIPRESENCIAL (UN DÍA A LA SEMANA);PETÉN
17-08-0112-46;17-012;PETEN;DOLORES;COLEGIO MIXTO PRIVADO IXTANCHÉ;BSRRIO VIDTAS HERMOSA;58251277;OSVALDO ALBERTO HOIL OBANDO;OLGA ICAL YAQUE;DIVERSIFICADO;PRIVADO;URBANA;ABIERTA;MONOLINGUE;SIN JORNADA;SEMIPRESENCIAL (UN DÍA A LA SEMANA);PETÉN
17-08-0113-46;17-012;PETEN;DOLORES;"CENTRO EDUCATIVO ""RAIBI ANIBAL E. ALVARES MORALES";BARRIO EL MIRADOR;57763555;OSVALDO ALBERTO HOIL OBANDO;MARLENY ELIZABETH HERRERA HEREDIA;DIVERSIFICADO;PRIVADO;URBANA;ABIERTA;MONOLINGUE;SIN JORNADA;SEMIPRESENCIAL (UN DÍA A LA SEMANA);PETÉN
17-08-0484-46;;PETEN;DOLORES;INSTITUTO PRIVADO DE CIENCIAS COMERCIALES 'ANTONIO BUSTAMENTE';;;;;DIVERSIFICADO;PRIVADO;URBANA;CERRADA TEMPORALMENTE;MONOLINGUE;VESPERTINA;DIARIO(REGULAR);PETÉN
17-08-3107-46;17-012;PETEN;DOLORES;LICEO EDUCATIVO ARTE Y CULTURA;BARRIO EL CENTRO;33006381;OSVALDO ALBERTO HOIL OBANDO;LISBETH GISSELLA DÁVILA OVANDO;DIVERSIFICADO;PRIVADO;URBANA;ABIERTA;MONOLINGUE;VESPERTINA;DIARIO(REGULAR);PETÉN
17-08-3207-46;17-012;PETEN;DOLORES;COLEGIO SAN MARTIN DE PORRES;BARRIO SAN RAMON;79266095;OSVALDO ALBERTO HOIL OBANDO;LOIDA DÁMARIS HOIL BERTRUY;DIVERSIFICADO;PRIVADO;URBANA;ABIERTA;MONOLINGUE;INTERMEDIA;DIARIO(REGULAR);PETÉN
17-09-0002-46;17-016;PETEN;SAN LUIS;"LICEO COMERCIAL ""NUEVA ENSEÑANZA""";BARRIO EL PARAISO;79266780;HECTOR DAVID MAYEN MILIAN;EDILSAR DE JESUS PAN BOL;DIVERSIFICADO;PRIVADO;URBANA;ABIERTA;MONOLINGUE;DOBLE;FIN DE SEMANA;PETÉN
17-09-0004-46;17-015;PETEN;SAN LUIS;COLEGIO MIXTO PRIVADO SAN PEDRO MARTIR DE VERONA;BARRIO LA GASOLINERA ALDEA CHACTE;32589750;DAMIAN AC CAHUEC;BERNARDINO MÉNDEZ YAQUE;DIVERSIFICADO;PRIVADO;RURAL;ABIERTA;MONOLINGUE;VESPERTINA;DIARIO(REGULAR);PETÉN
17-09-0005-46;17-016;PETEN;SAN LUIS;INSTITUTO PRIVADO FUENTE DEL SABER;CABECERA MUNICIPAL;40379592;HECTOR DAVID MAYEN MILIAN;ROSA MELITZA MOZCOSO VELA;DIVERSIFICADO;PRIVADO;URBANA;ABIERTA;MONOLINGUE;DOBLE;FIN DE SEMANA;PETÉN
17-09-0011-46;17-016;PETEN;SAN LUIS;"COLEGIO MIXTO PRIVADO ""SAN LUIS""";BARRIO VISTA HERMOSA;51784252;HECTOR DAVID MAYEN MILIAN;EDI ALFREDO SALAZAR GARCÍA;DIVERSIFICADO;PRIVADO;URBANA;CERRADA TEMPORALMENTE;MONOLINGUE;VESPERTINA;DIARIO(REGULAR);PETÉN
17-09-0122-46;17-015;PETEN;SAN LUIS;INSTITUTO NACIONAL DE EDUCACION DIVERSIFICADA;ALDEA CHACTE;38289379;DAMIAN AC CAHUEC;SANTIAGO COY XOL;DIVERSIFICADO;OFICIAL;RURAL;ABIERTA;MONOLINGUE;VESPERTINA;DIARIO(REGULAR);PETÉN
17-09-0144-46;17-010;PETEN;SAN LUIS;INSTITUTO DIVERSIFICADO POR COOPERATIVA ITZAMNA;ALDEA CHINCHILA;30779275;EDWIN HUMBERTO MONTERO ALDANA;GLADIS ESTELA CORTÉZ GARCÍA;DIVERSIFICADO;COOPERATIVA;RURAL;ABIERTA;MONOLINGUE;VESPERTINA;DIARIO(REGULAR);PETÉN
17-09-0155-46;17-025;PETEN;SAN LUIS;COLEGIO MIXTO PRIVADO EBEN EZER;CASERIO CAIN;;MARIO ORLANDO ZELAYA DARDON;JOSE CURIALES BARRERA;DIVERSIFICADO;PRIVADO;RURAL;CERRADA TEMPORALMENTE;MONOLINGUE;VESPERTINA;DIARIO(REGULAR);PETÉN
17-09-0156-46;17-016;PETEN;SAN LUIS;COLEGIO MIXTO PRIVADO EBEN EZER;CASERIO CAIN;;HECTOR DAVID MAYEN MILIAN;JOSÉ CURIALES BARRERA;DIVERSIFICADO;PRIVADO;RURAL;ABIERTA;MONOLINGUE;DOBLE;FIN DE SEMANA;PETÉN
17-09-0160-46;17-016;PETEN;SAN LUIS;LICEO COMERCIAL NUEVA ENSEÑANZA;BARRIO EL PARAISO;79266780;HECTOR DAVID MAYEN MILIAN;EDILSAR DE JESUS PAN BOL;DIVERSIFICADO;PRIVADO;URBANA;CERRADA TEMPORALMENTE;BILINGUE;VESPERTINA;DIARIO(REGULAR);PETÉN
17-09-0300-46;17-031;PETEN;SAN LUIS;INSTITUTO MIXTO DE EDUCACION BILINGUE INTERCULTURAL-IMEBI-;ALDEA TZUNCAL;57421363;GREGORIO ARGUETA SAMAYOA;MARIANO CHOLOM CUCUL;DIVERSIFICADO;PRIVADO;RURAL;CERRADA TEMPORALMENTE;MONOLINGUE;VESPERTINA;DIARIO(REGULAR);PETÉN
17-09-0317-46;17-017;PETEN;SAN LUIS;COLEGIO MIXTO PRIVADO EL HORIZONTE;BARRIO EL HORIZONTE ALDEA MACHAQUILAITO;49885420;OCTAVIO LONE GUERRA;ELÍAS BOLÓN TUX;DIVERSIFICADO;PRIVADO;RURAL;ABIERTA;MONOLINGUE;VESPERTINA;DIARIO(REGULAR);PETÉN
17-09-0319-46;17-017;PETEN;SAN LUIS;COLEGIO MIXTO PRIVADO EL HORIZONTE;BARRIO EL HORIZONTE ALDEA MACHAQUILAITO;49885420;OCTAVIO LONE GUERRA;ELÍAS BOLÓN TUX;DIVERSIFICADO;PRIVADO;RURAL;ABIERTA;MONOLINGUE;DOBLE;FIN DE SEMANA;PETÉN
17-09-0322-46;17-015;PETEN;SAN LUIS;COLEGIO MIXTO PRIVADO SAN PEDRO MARTIR DE VERONA;ALDEA CHACTE;49006414;DAMIAN AC CAHUEC;BERNARDINO MÉNDEZ YAQUE;DIVERSIFICADO;PRIVADO;RURAL;ABIERTA;MONOLINGUE;DOBLE;FIN DE SEMANA;PETÉN
17-09-0327-46;17-016;PETEN;SAN LUIS;COLEGIO MIXTO PRIVADO SAN LUIS;BARRIO VISTA HERMOSA;42772186;HECTOR DAVID MAYEN MILIAN;AIDA ARELY SALAZAR BERNAL;DIVERSIFICADO;PRIVADO;URBANA;ABIERTA;MONOLINGUE;SIN JORNADA;SEMIPRESENCIAL (UN DÍA A LA SEMANA);PETÉN
17-09-0329-46;17-016;PETEN;SAN LUIS;INSTITUTO PRIVADO FUENTE DEL SABER;BARRIO TIKAJAL;40379492;HECTOR DAVID MAYEN MILIAN;ROSA MELITZA MOZCOSO VELA;DIVERSIFICADO;PRIVADO;URBANA;ABIERTA;MONOLINGUE;SIN JORNADA;SEMIPRESENCIAL (UN DÍA A LA SEMANA);PETÉN
17-09-0331-46;17-016;PETEN;SAN LUIS;INSTITUTO PRIVADO FUENTE DEL SABER;BARRIO TIKAJAL;40379592;HECTOR DAVID MAYEN MILIAN;ROSA MELITZA MOZCOSO VELA;DIVERSIFICADO;PRIVADO;URBANA;ABIERTA;MONOLINGUE;DOBLE;FIN DE SEMANA;PETÉN
17-09-0332-46;17-017;PETEN;SAN LUIS;COLEGIO MIXTO PRIVADO EL HORIZONTE-COMPEH-;BARRIO EL HORIZONTE ALDEA MACHAQUILAITO;49885420;OCTAVIO LONE GUERRA;ELÍAS BOLÓN TUX;DIVERSIFICADO;PRIVADO;RURAL;ABIERTA;MONOLINGUE;SIN JORNADA;SEMIPRESENCIAL (UN DÍA A LA SEMANA);PETÉN
17-09-0333-46;17-016;PETEN;SAN LUIS;LICEO COMERCIAL NUEVA ENSEÑANZA;BARRIO EL PARAISO;79267780;HECTOR DAVID MAYEN MILIAN;EDILSAR DE JESUS PAN BOL;DIVERSIFICADO;PRIVADO;URBANA;ABIERTA;MONOLINGUE;SIN JORNADA;SEMIPRESENCIAL (UN DÍA A LA SEMANA);PETÉN
17-09-1105-46;;PETEN;SAN LUIS;ESCUELA PRIVADA DE CIENCIAS COMERCIALES;;;;;DIVERSIFICADO;PRIVADO;URBANA;CERRADA TEMPORALMENTE;MONOLINGUE;NOCTURNA;DIARIO(REGULAR);PETÉN
17-09-2452-46;17-016;PETEN;SAN LUIS;COLEGIO MIXTO PRIVADO SAN LUIS;SAN LUIS;79266656;HECTOR DAVID MAYEN MILIAN;AIDA ARELY SALAZAR BERNAL;DIVERSIFICADO;PRIVADO;URBANA;CERRADA TEMPORALMENTE;MONOLINGUE;VESPERTINA;DIARIO(REGULAR);PETÉN
17-09-2453-46;17-016;PETEN;SAN LUIS;LICEO COMERCIAL NUEVA ENSEÑANZA;BARRIO EL PARAISO;79266780;HECTOR DAVID MAYEN MILIAN;SABRINA MARISOL COY CHUB;DIVERSIFICADO;PRIVADO;URBANA;ABIERTA;MONOLINGUE;MATUTINA;DIARIO(REGULAR);PETÉN
17-09-3970-46;17-016;PETEN;SAN LUIS;LICEO TECNICO CRISTIANO 'LA ESPERANZA';BARRIO EL CENTRO;66502390 65864538;HECTOR DAVID MAYEN MILIAN;;DIVERSIFICADO;PRIVADO;URBANA;CERRADA TEMPORALMENTE;MONOLINGUE;VESPERTINA;DIARIO(REGULAR);PETÉN
17-09-4145-46;17-016;PETEN;SAN LUIS;CENTRO EDUCATIVO MAYA ASUNCION;CABECERA MUNICIPAL;40475589;HECTOR DAVID MAYEN MILIAN;ALICIA MARÍA PRIVADO CATALÁN;DIVERSIFICADO;PRIVADO;URBANA;ABIERTA;MONOLINGUE;MATUTINA;DIARIO(REGULAR);PETÉN
17-09-4156-46;17-016;PETEN;SAN LUIS;INSTITUTO PRIVADO FUENTE DEL SABER;CABECERA MUNICIPAL;40379592;HECTOR DAVID MAYEN MILIAN;ROSA MELITZA MOZCOSO VELA;DIVERSIFICADO;PRIVADO;URBANA;ABIERTA;MONOLINGUE;VESPERTINA;DIARIO(REGULAR);PETÉN
17-10-0015-46;17-042;PETEN;SAYAXCHE;INSTITUTO PARTICULAR MIXTO PLAN FIN DE SEMANA LICENCIADO VALENTIN DEL VALLE GONGORA;ALDEA RANCHO ALEGRE;57276870;RODERICO DE LA CRUZ ICAL;RAMON EDUARDO GONGORA MUSUL;DIVERSIFICADO;PRIVADO;RURAL;CERRADA TEMPORALMENTE;MONOLINGUE;DOBLE;FIN DE SEMANA;PETÉN
17-10-0178-46;17-018;PETEN;SAYAXCHE;"ESCUELA DE CIENCIAS COMERCIALES ""SAN ANTONIO DE PADUA""";BARRIO EL CENTRO SAYAXCHE;79286043;FREDY ANTONIO CUELLAR RODRIGUEZ;JULIAN CARTER CASTELLANOS;DIVERSIFICADO;PRIVADO;URBANA;ABIERTA;MONOLINGUE;VESPERTINA;DIARIO(REGULAR);PETÉN
17-10-0179-46;17-018;PETEN;SAYAXCHE;"ESCUELA DE CIENCIAS COMERCIALES ""SAN ANTONIO DE PADUA""";BARRIO EL CENTRO;58041848;FREDY ANTONIO CUELLAR RODRIGUEZ;JULIÁN GUSTAVO LUCERO REQUENA;DIVERSIFICADO;PRIVADO;URBANA;ABIERTA;MONOLINGUE;DOBLE;FIN DE SEMANA;PETÉN
17-10-0183-46;17-042;PETEN;SAYAXCHE;INSTITUTO PARTICULAR MIXTO PLAN FIN DE SEMANA LICENCIADO VALENTIN DEL VALLE CONGORA;ALDEA RANCHO ALEGRE;57276870;RODERICO DE LA CRUZ ICAL;RAMON EDUARDO GONGORA MUSUL;DIVERSIFICADO;PRIVADO;RURAL;CERRADA TEMPORALMENTE;MONOLINGUE;VESPERTINA;DIARIO(REGULAR);PETÉN
17-10-0184-46;17-024;PETEN;SAYAXCHE;INSTITUTO PRIVADO VESPERTINO PROF. JOSE OTILIO FLORES CARBAJAL;ALDEA TIERRA BLANCA;79286513;NAZARIO BONIFACIO POP ICAL;LESLY ELIZABETH MORÁN LEIVA;DIVERSIFICADO;PRIVADO;RURAL;ABIERTA;MONOLINGUE;DOBLE;FIN DE SEMANA;PETÉN
17-10-0185-46;;PETEN;SAYAXCHE;INSTITUTO PRIVADO VESPERTINO PROF. JOSE OTILIO FLORES CARBAJAL;ALDEA TIERRA BLANCA;45855543;;RODERICO ROMAN LOPEZ CASTELLANOS;DIVERSIFICADO;PRIVADO;RURAL;CERRADA TEMPORALMENTE;MONOLINGUE;VESPERTINA;DIARIO(REGULAR);PETÉN
17-10-0193-46;17-020;PETEN;SAYAXCHE;CENTRO EDUCATIVO CANCUEN;ALDEA EL PATO;30142521;JUAN DAVID NAVARIJO CORDOVA;KYNDLY OYUKI REVOLORIO MONZÒN;DIVERSIFICADO;PRIVADO;RURAL;ABIERTA;MONOLINGUE;VESPERTINA;DIARIO(REGULAR);PETÉN
17-10-0197-46;17-024;PETEN;SAYAXCHE;INSTITUTO PRIVADO MIXTO DE EDUCACION MEDIA CON ORIENTACION EN COMPUTACION, FE Y ENSEÑANZA;ALDEA TIERRA BLANCA;30142992;NAZARIO BONIFACIO POP ICAL;DESIDERIO VELASQUEZ JIMENEZ;DIVERSIFICADO;PRIVADO;RURAL;ABIERTA;BILINGUE;VESPERTINA;DIARIO(REGULAR);PETÉN
17-10-0205-46;17-019;PETEN;SAYAXCHE;INSTITUTO PRIVADO MIXTO VESPERTINO JOSE OTILIO FLORES;SAYAXCHE BARRIO EL CENTRO;79286513;MARCO ANTONIO ZAC MIGUEL;CARLOS ALBERTO FLORES ZETINA;DIVERSIFICADO;PRIVADO;URBANA;CERRADA TEMPORALMENTE;MONOLINGUE;DOBLE;DIARIO(REGULAR);PETÉN
17-10-0207-46;17-019;PETEN;SAYAXCHE;"COLEGIO PRIVADO MIXTO ""JACOBO ARBENZ GUZMAN""";ALDEA LAS POZAS;50573830;MARCO ANTONIO ZAC MIGUEL;AUGUSTO GARCÍA RIVERA;DIVERSIFICADO;PRIVADO;RURAL;ABIERTA;MONOLINGUE;VESPERTINA;DIARIO(REGULAR);PETÉN
17-10-0243-46;17-020;PETEN;SAYAXCHE;"INSTITUTO PRIVADO MIXTO "" LA REYNITA""";ALDEA LA REYNITA;79286513;JUAN DAVID NAVARIJO CORDOVA;MARIA EDITA LEIVA BARRERA;DIVERSIFICADO;PRIVADO;RURAL;ABIERTA;MONOLINGUE;VESPERTINA;DIARIO(REGULAR);PETÉN
17-10-0248-46;17-019;PETEN;SAYAXCHE;COLEGIO PRIVADO MIXTO JACOBO ARBENZ GUZMAN;ALDEA LAS POZAS;49312597;MARCO ANTONIO ZAC MIGUEL;AUGUSTO GARCÍA RIVERA;DIVERSIFICADO;PRIVADO;RURAL;ABIERTA;MONOLINGUE;VESPERTINA;DIARIO(REGULAR);PETÉN
17-10-0249-46;17-019;PETEN;SAYAXCHE;COLEGIO PRIVADO MIXTO JACOBO ARBENZ GUZMAN;ALDEA LAS POZAS;49312597;MARCO ANTONIO ZAC MIGUEL;TOMAS GARCÍA RIVERA;DIVERSIFICADO;PRIVADO;RURAL;ABIERTA;MONOLINGUE;DOBLE;FIN DE SEMANA;PETÉN
17-10-0252-46;17-018;PETEN;SAYAXCHE;INSTITUTO PARTICULAR MIXTO FIN DE SEMANA.VALENTIN DEL VALLE GONGORA;BARRIO EL CENTRO ALDEA RANCHO ALEGRE;57276870;FREDY ANTONIO CUELLAR RODRIGUEZ;GLADIS ODILY MARTINEZ RAMOS;DIVERSIFICADO;PRIVADO;RURAL;ABIERTA;MONOLINGUE;DOBLE;FIN DE SEMANA;PETÉN
17-10-0253-46;17-018;PETEN;SAYAXCHE;INSTITUTO PARTICULAR MIXTO PLAN FIN DE SEMANA VALENTIN DEL VALLE GONGORA;BARRIO EL CENTRO ALDEA RANCHO ALEGRE;57276870;FREDY ANTONIO CUELLAR RODRIGUEZ;GLADIS ODILY MARTINEZ RAMOS;DIVERSIFICADO;PRIVADO;RURAL;ABIERTA;MONOLINGUE;VESPERTINA;DIARIO(REGULAR);PETÉN
17-10-0256-46;17-020;PETEN;SAYAXCHE;INSTITUTO NACIONAL DE EDUCACIÓN DIVERSIFICADA-INED-;COOPERATIVA UNION SAN JUAN ENTRE RIOS;54558495;JUAN DAVID NAVARIJO CORDOVA;NOE ASICONA CABA;DIVERSIFICADO;OFICIAL;RURAL;ABIERTA;MONOLINGUE;VESPERTINA;DIARIO(REGULAR);PETÉN
17-10-0262-46;17-018;PETEN;SAYAXCHE;INSTITUTO PRIVADO MIXTO PROF. JOSE OTILIO FLORES CARBAJAL;BARRIO EL CENTRO;31179873;FREDY ANTONIO CUELLAR RODRIGUEZ;ANY YAMILETH FLORES LEIVA;DIVERSIFICADO;PRIVADO;URBANA;ABIERTA;MONOLINGUE;DOBLE;DIARIO(REGULAR);PETÉN
17-10-0271-46;17-020;PETEN;SAYAXCHE;COLEGIO MIXTO PRIVADO STEVE JOVS;ALDEA EL PATO;30588161;JUAN DAVID NAVARIJO CORDOVA;WENDY KARINA GONZALEZ SANTIAGO;DIVERSIFICADO;PRIVADO;RURAL;ABIERTA;MONOLINGUE;DOBLE;FIN DE SEMANA;PETÉN
17-10-0274-46;17-019;PETEN;SAYAXCHE;CENTRO EDUCATIVO PRIVADO MIXTO VISION INTEGRAL -CEVI-;ALDEA LAS POZAS;57292514;MARCO ANTONIO ZAC MIGUEL;PEDRO FRANCISCO XÉ CAÁL;DIVERSIFICADO;PRIVADO;RURAL;ABIERTA;MONOLINGUE;DOBLE;FIN DE SEMANA;PETÉN
17-10-0284-46;17-019;PETEN;SAYAXCHE;CENTRO EDUCATIVO PRIVADO MIXTO VISION INTEGRAL-CEVI-;ALDEA LAS POZAS;57368474;MARCO ANTONIO ZAC MIGUEL;ERNESTO COY CHEN;DIVERSIFICADO;PRIVADO;RURAL;ABIERTA;MONOLINGUE;VESPERTINA;DIARIO(REGULAR);PETÉN
17-10-0337-46;17-019;PETEN;SAYAXCHE;CENTRO EDUCATIVO PRIVADO MIXTO VISION INTEGRAL - CEVI-;ALDEA LAS POZAS;57368454;MARCO ANTONIO ZAC MIGUEL;PEDRO FRANCISCO XÉ CAÁL;DIVERSIFICADO;PRIVADO;RURAL;ABIERTA;MONOLINGUE;VESPERTINA;DIARIO(REGULAR);PETÉN
17-10-0339-46;17-019;PETEN;SAYAXCHE;COLEGIO PRIVADO MIXTO SAN JUAN;CASERIO SAN JUAN ACUL;32394109;MARCO ANTONIO ZAC MIGUEL;FREDY ANTONIO CUELLAR RODRUIGUEZ;DIVERSIFICADO;PRIVADO;RURAL;ABIERTA;MONOLINGUE;VESPERTINA;DIARIO(REGULAR);PETÉN
17-10-0341-46;17-019;PETEN;SAYAXCHE;"COLEGIO PRIVADO MIXTO ""SAN JUAN""";CASERIIO SAN JUAN ACUL;32394109;MARCO ANTONIO ZAC MIGUEL;FREDY ANTONIO CUÉLLAR RODRÍGUEZ;DIVERSIFICADO;PRIVADO;RURAL;ABIERTA;MONOLINGUE;DOBLE;FIN DE SEMANA;PETÉN
17-10-0345-46;17-024;PETEN;SAYAXCHE;INSTITUTO PRIVADO MIXTO LA CEIBITA;CASERIO LA CEIBITA;47181718;NAZARIO BONIFACIO POP ICAL;ANY YAMILETH FLORES LEIVA;DIVERSIFICADO;PRIVADO;RURAL;ABIERTA;MONOLINGUE;DOBLE;FIN DE SEMANA;PETÉN
17-10-0346-46;17-020;PETEN;SAYAXCHE;INSTITUTO PRIVADO MIXTO LA REINITA;ALDEA LA REINITA;47181318;JUAN DAVID NAVARIJO CORDOVA;MARIA EDITA LEIVA BARRERA;DIVERSIFICADO;PRIVADO;RURAL;ABIERTA;MONOLINGUE;DOBLE;FIN DE SEMANA;PETÉN
17-10-0352-46;17-018;PETEN;SAYAXCHE;ESCUELA DE CIENCIAS COMERCIALES, SAN ANTONIO DE PADUA;BARRIIO EL CENTRO;30366279;FREDY ANTONIO CUELLAR RODRIGUEZ;MARCO ANTONIO MATEO TORRES;DIVERSIFICADO;PRIVADO;URBANA;ABIERTA;MONOLINGUE;DOBLE;FIN DE SEMANA;PETÉN
17-10-0353-46;17-018;PETEN;SAYAXCHE;COLEGIO DE CIENCIAS COMERCIALES SAN ANTONIO DE PADUA;BARRIO EL CENTRO;30366279;FREDY ANTONIO CUELLAR RODRIGUEZ;MARCO ANTONIO MATEO TORRES;DIVERSIFICADO;PRIVADO;URBANA;ABIERTA;MONOLINGUE;DOBLE;FIN DE SEMANA;PETÉN
17-10-0354-46;17-018;PETEN;SAYAXCHE;COLEGIO DE CIENCIAS COMERCIALES SAN ANTONIO DE PADUA;BARRIO EL CENTRO;30366279;FREDY ANTONIO CUELLAR RODRIGUEZ;JULIÁN GUSTAVO LUCERO REQUENA;DIVERSIFICADO;PRIVADO;URBANA;ABIERTA;MONOLINGUE;DOBLE;FIN DE SEMANA;PETÉN
17-10-0357-46;17-019;PETEN;SAYAXCHE;CENTRO EDUCATIVO PRIVADO MIXTO VISION INTEGRAL -CEVI;ALDEA LAS POZAS;57292514;MARCO ANTONIO ZAC MIGUEL;PEDRO FRANCISCO XÉ CAÁL;DIVERSIFICADO;PRIVADO;RURAL;ABIERTA;MONOLINGUE;SIN JORNADA;SEMIPRESENCIAL (UN DÍA A LA SEMANA);PETÉN
17-10-0359-46;17-018;PETEN;SAYAXCHE;INSTITUTO PARTICULAR MIXTO LIC. VALENTIN DEL VALLE GONGORA;ALDEA RANCHO ALEGRE;30082868;FREDY ANTONIO CUELLAR RODRIGUEZ;GLADIS ODILY MARTINEZ RAMOS;DIVERSIFICADO;PRIVADO;RURAL;ABIERTA;MONOLINGUE;SIN JORNADA;SEMIPRESENCIAL (UN DÍA A LA SEMANA);PETÉN
17-10-0361-46;17-018;PETEN;SAYAXCHE;INSTITUTO PRIVADO MIXTO PROFESOR. JOSE OTILIO FLORES CARBAJAL-INJOF-;BARRIO EL CENTRO;47181718;FREDY ANTONIO CUELLAR RODRIGUEZ;ANY YAMILETH FLORES LEIVA;DIVERSIFICADO;PRIVADO;URBANA;ABIERTA;MONOLINGUE;SIN JORNADA;SEMIPRESENCIAL (UN DÍA A LA SEMANA);PETÉN
17-10-0363-46;17-020;PETEN;SAYAXCHE;COLEGIO MIXTO PRIVADO ETEVE JOBS;ALDEA EL PATO;30588161;JUAN DAVID NAVARIJO CORDOVA;WENDY KARINA GONZALEZ SANTIAGO;DIVERSIFICADO;PRIVADO;RURAL;ABIERTA;MONOLINGUE;SIN JORNADA;SEMIPRESENCIAL (UN DÍA A LA SEMANA);PETÉN
17-10-0365-46;17-019;PETEN;SAYAXCHE;COLEGIO PRIVADO MIXTO JACOBO ARBENZ GUZMÁN;ALDEA LAS POZAS;50573830;MARCO ANTONIO ZAC MIGUEL;TOMAS GARCÍA RIVERA;DIVERSIFICADO;PRIVADO;RURAL;ABIERTA;MONOLINGUE;SIN JORNADA;SEMIPRESENCIAL (UN DÍA A LA SEMANA);PETÉN
17-10-0367-46;17-024;PETEN;SAYAXCHE;INSTITUTO PRIVADO MIXTO PROFESOR JOSE OTILIO FLORES CARBAJAL;ALDEA TIERRA BLANCA;47181718;NAZARIO BONIFACIO POP ICAL;LESLY ELIZABETH MORÁN LEIVA;DIVERSIFICADO;PRIVADO;RURAL;ABIERTA;MONOLINGUE;SIN JORNADA;SEMIPRESENCIAL (UN DÍA A LA SEMANA);PETÉN
17-10-0369-46;17-020;PETEN;SAYAXCHE;INSTITUTO PRIVADO MIXTO LA REINITA;CASERIO LA REINITA;47181718;JUAN DAVID NAVARIJO CORDOVA;MARIA EDITA LEIVA BARRERA;DIVERSIFICADO;PRIVADO;RURAL;ABIERTA;MONOLINGUE;SIN JORNADA;SEMIPRESENCIAL (UN DÍA A LA SEMANA);PETÉN
17-10-0371-46;17-019;PETEN;SAYAXCHE;"COLEGIO PRIVADO MIXTO""SAN JUAN""";CASERIO SAN JUAN ACUL;33377199;MARCO ANTONIO ZAC MIGUEL;FREDY ANTONIO CUÉLLAR RODRÍGUEZ;DIVERSIFICADO;PRIVADO;RURAL;ABIERTA;MONOLINGUE;SIN JORNADA;SEMIPRESENCIAL (FIN DE SEMANA);PETÉN
17-10-2965-46;17-018;PETEN;SAYAXCHE;INSTITUTO PRIVADO MIXTO PROF. JOSE OTILIO FLORES CARBAJAL;BARRIO EL CENTRO SAYAXCHE;31179873;FREDY ANTONIO CUELLAR RODRIGUEZ;ANY YAMILETH FLORES LEIVA;DIVERSIFICADO;PRIVADO;URBANA;ABIERTA;MONOLINGUE;VESPERTINA;DIARIO(REGULAR);PETÉN
17-10-3492-46;17-018;PETEN;SAYAXCHE;"ESCUELA NORMAL BILINGUE INTERCULTURAL TZOLEB AAL TIJONEL Q EQCHI ""DR. DEMETRIO COJTI CUXIL""";BARRIO LA DEMOCRACIA;59672196;FREDY ANTONIO CUELLAR RODRIGUEZ;YEIMI JUDITH RODRÍGUEZ ZAMORA;DIVERSIFICADO;OFICIAL;RURAL;ABIERTA;BILINGUE;MATUTINA;DIARIO(REGULAR);PETÉN
17-10-3696-46;17-018;PETEN;SAYAXCHE;INSTITUTO PRIVADO MIXTO PROF. JOSE OTILIO FLORES CARBAJAL;BARRIO EL CENTRO;31179873;FREDY ANTONIO CUELLAR RODRIGUEZ;ANY YAMILETH FLORES LEIVA;DIVERSIFICADO;PRIVADO;URBANA;ABIERTA;MONOLINGUE;DOBLE;FIN DE SEMANA;PETÉN
17-11-0010-46;17-020;PETEN;MELCHOR DE MENCOS;CENTRO EDUCATIVO BILINGUE VALPARAISO DE JESUS;BARRIO FALLABON;30779107;JUAN DAVID NAVARIJO CORDOVA;SALVADOR EDUARDO FLORES MAS;DIVERSIFICADO;PRIVADO;URBANA;CERRADA TEMPORALMENTE;MONOLINGUE;MATUTINA;DIARIO(REGULAR);PETÉN
17-11-0039-46;17-021;PETEN;MELCHOR DE MENCOS;INSTITUTO NACIONAL DE EDUCACION DIVERSIFICADA;BARRIO SANTA ELENA;40275580;DAYLIN ANTONIO ALVAREZ ALDANA;NILDA LISBETT MANZANERO COCON;DIVERSIFICADO;OFICIAL;RURAL;ABIERTA;MONOLINGUE;VESPERTINA;DIARIO(REGULAR);PETÉN
17-11-0040-46;17-021;PETEN;MELCHOR DE MENCOS;INSTITUTO NACIONAL DE EDUCACION DIVERSIFICADA;ALDEA EL CRUZADERO;46441572;DAYLIN ANTONIO ALVAREZ ALDANA;EDGAR OMAR GONZÁLES;DIVERSIFICADO;OFICIAL;URBANA;ABIERTA;MONOLINGUE;VESPERTINA;DIARIO(REGULAR);PETÉN
17-11-0053-46;17-021;PETEN;MELCHOR DE MENCOS;CENTRO EDUCATIVO MOPAN;ALDEA EL CRUZADERO;33230545;DAYLIN ANTONIO ALVAREZ ALDANA;JUAN LUIS NÁJERA CASTILLO;DIVERSIFICADO;PRIVADO;RURAL;ABIERTA;BILINGUE;VESPERTINA;DIARIO(REGULAR);PETÉN
17-11-0056-46;17-021;PETEN;MELCHOR DE MENCOS;CENTRO EDUCATIVO CIENCIA Y TECNOLOGIA -CECT-;BARRIO EL CENTRO;46799812;DAYLIN ANTONIO ALVAREZ ALDANA;MAYRA LORENA CHAN HÉRCULES;DIVERSIFICADO;PRIVADO;URBANA;ABIERTA;MONOLINGUE;VESPERTINA;DIARIO(REGULAR);PETÉN
17-11-0066-46;17-021;PETEN;MELCHOR DE MENCOS;"CENTRO EDUCATIVO ""CIENCIA Y TECNOLOGÍA""";BARRIO EL CENTRO;46799812;DAYLIN ANTONIO ALVAREZ ALDANA;WILLIAMS ADELSO HERNANDEZ LOBOS;DIVERSIFICADO;PRIVADO;URBANA;ABIERTA;MONOLINGUE;NOCTURNA;DIARIO(REGULAR);PETÉN
17-11-0070-46;17-021;PETEN;MELCHOR DE MENCOS;CENTRO EDUCATIVO CIENCIA Y TECNOLOGIA;BARRIO EL CENTRO;40910489;DAYLIN ANTONIO ALVAREZ ALDANA;WILLIAMS ADELSO HERNANDEZ LOBOS;DIVERSIFICADO;PRIVADO;URBANA;ABIERTA;MONOLINGUE;MATUTINA;DIARIO(REGULAR);PETÉN
17-11-0082-46;17-021;PETEN;MELCHOR DE MENCOS;CENTRO EDUCATIVO CIENCIA Y TECNOLOGIA;BARRIO EL CENTRO;46799812;DAYLIN ANTONIO ALVAREZ ALDANA;MAYRA LORENA CHAN HÉRCULES;DIVERSIFICADO;PRIVADO;URBANA;ABIERTA;MONOLINGUE;DOBLE;DIARIO(REGULAR);PETÉN
17-11-0084-46;17-021;PETEN;MELCHOR DE MENCOS;CENTRO EDUCATIVO CIENCIA Y TECNOLOGIA;BARRIO EL CENTRO;40910489;DAYLIN ANTONIO ALVAREZ ALDANA;WILLIAMS ADELSO HERNANDEZ LOBOS;DIVERSIFICADO;PRIVADO;URBANA;ABIERTA;MONOLINGUE;DOBLE;FIN DE SEMANA;PETÉN
17-11-0087-46;17-021;PETEN;MELCHOR DE MENCOS;CENTRO EDUCATIVO BILINGUE VALPARAISO DE JESUS;BARRIO FALLABON;32649614;DAYLIN ANTONIO ALVAREZ ALDANA;KENYA ARLIN PÉREZ VENTURA;DIVERSIFICADO;PRIVADO;URBANA;ABIERTA;MONOLINGUE;SIN JORNADA;SEMIPRESENCIAL (UN DÍA A LA SEMANA);PETÉN
17-11-0089-46;17-021;PETEN;MELCHOR DE MENCOS;CENTRO EDUCATIVO CIENCIA Y TECNOLOGIA-CECT-;BARRIO EL CENTRO;46799812;DAYLIN ANTONIO ALVAREZ ALDANA;WILLIAMS ADELSO HERNANDEZ LOBOS;DIVERSIFICADO;PRIVADO;URBANA;ABIERTA;MONOLINGUE;SIN JORNADA;SEMIPRESENCIAL (UN DÍA A LA SEMANA);PETÉN
17-11-0091-46;17-021;PETEN;MELCHOR DE MENCOS;CENTRO EDUCATIVO MOPAN;ALDEA EL CRUZADERO;46799812;DAYLIN ANTONIO ALVAREZ ALDANA;BRENDA ALEJANDRA SOLARES GRAMAJO;DIVERSIFICADO;PRIVADO;RURAL;ABIERTA;MONOLINGUE;SIN JORNADA;SEMIPRESENCIAL (UN DÍA A LA SEMANA);PETÉN
17-11-0361-46;99-001;PETEN;MELCHOR DE MENCOS;INSTITUTO PRIVADO MIXTO DE EDUCACION DIVERSIFICADA DE CIENCIAS COMERCIALES;;;SILVIA EUGENIA VALDEZ MONTERROSO DE CARBALLO;;DIVERSIFICADO;PRIVADO;URBANA;TEMPORAL TITULOS;MONOLINGUE;NOCTURNA;DIARIO(REGULAR);PETÉN
17-11-2838-46;17-021;PETEN;MELCHOR DE MENCOS;CENTRO EDUCATIVO DE CAPACITACION PROFESIONAL (CECAP);BARRIO EL CENTRO;58150129;DAYLIN ANTONIO ALVAREZ ALDANA;EDGAR RUDEL MAURICIO BOL;DIVERSIFICADO;PRIVADO;URBANA;ABIERTA;MONOLINGUE;NOCTURNA;DIARIO(REGULAR);PETÉN
17-11-3898-46;17-021;PETEN;MELCHOR DE MENCOS;CENTRO EDUCATIVO BILINGUE VALPARAISO DE JESUS;BARRIO FALLABON;30779107;DAYLIN ANTONIO ALVAREZ ALDANA;KENYA ARLIN PÉREZ VENTURA;DIVERSIFICADO;PRIVADO;URBANA;ABIERTA;MONOLINGUE;DOBLE;FIN DE SEMANA;PETÉN
17-11-4119-46;17-021;PETEN;MELCHOR DE MENCOS;ENBI CENTRO EDUCATIVO MELCHOR;BARRIO EL CAMPITO;;DAYLIN ANTONIO ALVAREZ ALDANA;NILDA LISBETT MANZANERO COCON;DIVERSIFICADO;PRIVADO;RURAL;CERRADA TEMPORALMENTE;MONOLINGUE;DOBLE;FIN DE SEMANA;PETÉN
17-11-4154-46;17-021;PETEN;MELCHOR DE MENCOS;CENTRO EDUCATIVO BILINGUE VALPARAISO DE JESUS;BARRIO FALLABON;30779107;DAYLIN ANTONIO ALVAREZ ALDANA;KENYA ARLIN PÉREZ VENTURA;DIVERSIFICADO;PRIVADO;URBANA;ABIERTA;MONOLINGUE;VESPERTINA;DIARIO(REGULAR);PETÉN
17-12-0002-46;17-022;PETEN;POPTUN;COLEGIO MIXTO PRIVADO SAN PEDRO MARTIR DE VERONA;"3RA CALLE ""A"" 7-13 ZONA 1";79277745;JUAN FRANCISCO OLIVA ESTRADA;RAMÓN FRANCISCO CASTELLANOS MATUS;DIVERSIFICADO;PRIVADO;URBANA;ABIERTA;MONOLINGUE;DOBLE;FIN DE SEMANA;PETÉN
17-12-0082-46;;PETEN;POPTUN;INSTITUTO NACIONAL DE EDUCACION DIVERSIFICADA;BARRIO LAS DELICIAS;;;BYRON HAROLDO ORREGO ROSALES;DIVERSIFICADO;OFICIAL;RURAL;CERRADA TEMPORALMENTE;MONOLINGUE;VESPERTINA;DIARIO(REGULAR);PETÉN
17-12-0083-46;17-022;PETEN;POPTUN;INSTITUTO NACIONAL DE EDUCACION DIVERSIFICADA;BARRIO SANTA BARBARA, ALDEA MACHAQUILA;50576860;JUAN FRANCISCO OLIVA ESTRADA;YUMILITH MELISSA PALMA TOBAR;DIVERSIFICADO;OFICIAL;RURAL;ABIERTA;MONOLINGUE;VESPERTINA;DIARIO(REGULAR);PETÉN
17-12-0084-46;17-022;PETEN;POPTUN;INSTITUTO NACIONAL DE EDUCACION DIVERSIFICADA;BARRIO IXOBEL;55162012;JUAN FRANCISCO OLIVA ESTRADA;BYRON ALFONSO JACINTO MARROQUÍN;DIVERSIFICADO;OFICIAL;RURAL;ABIERTA;MONOLINGUE;VESPERTINA;DIARIO(REGULAR);PETÉN
17-12-0113-46;17-022;PETEN;POPTUN;INSTITUTO DE CIENCIAS AGROFORESTALES Y VIDA SILVESTRE (ICAVIS);KILOMETRO 386.5 CARRETERA GUATEMALA - FLORES;41117575;JUAN FRANCISCO OLIVA ESTRADA;GISELL YADIRA SAC GREGORIO;DIVERSIFICADO;PRIVADO;URBANA;ABIERTA;MONOLINGUE;VESPERTINA;DIARIO(REGULAR);PETÉN
17-12-0114-46;17-022;PETEN;POPTUN;CENTRO EDUCATIVO INTEGRAL CRISTIANO -CEIC-;2A. AVENIDA 3-84 ZONA 1;79276209;JUAN FRANCISCO OLIVA ESTRADA;FELMAN ARINEL MARTÍNEZ LÓPEZ;DIVERSIFICADO;PRIVADO;URBANA;ABIERTA;MONOLINGUE;VESPERTINA;DIARIO(REGULAR);PETÉN
17-12-0115-46;17-026;PETEN;POPTUN;CENTRO EDUCATIVO INTEGRAL CRISTIANO -CEIC-;2A. AVENIDA 3-84 ZONA 1;42643597;RODOLFO MEDINA;GUDELIA GRILDETH ESCOBAR CALDERÓN;DIVERSIFICADO;PRIVADO;URBANA;CERRADA TEMPORALMENTE;MONOLINGUE;DOBLE;FIN DE SEMANA;PETÉN
17-12-0119-46;17-022;PETEN;POPTUN;INSTITUTO DE CAPACITACION ADVENTISTA DEL PETEN;ALDEA LAS LAJAS;40690158;JUAN FRANCISCO OLIVA ESTRADA;SHIRLEY DANELLY LOPEZ HERNANDEZ;DIVERSIFICADO;PRIVADO;RURAL;ABIERTA;MONOLINGUE;DOBLE;DIARIO(REGULAR);PETÉN
17-12-0127-46;17-022;PETEN;POPTUN;"LICEO CRISTIANO CON ORIENTACIÓN UNIVERSITARIA ""EL SHADDAI""";BULEVAR 25 DE JUNIO Y 9 AVENIDA ZONA 1, BARRIO SAN FRANCISCO;79278625;JUAN FRANCISCO OLIVA ESTRADA;FERMINA CÓRDOVA PELÁES;DIVERSIFICADO;PRIVADO;URBANA;ABIERTA;MONOLINGUE;VESPERTINA;DIARIO(REGULAR);PETÉN
17-12-0129-46;17-022;PETEN;POPTUN;"LICEO CRISTIANO CON ORIENTACIÓN UNIVERSITARIA ""EL SHADDAI""";BULEVAR 25 DE JUNIO Y 9 AVENIDA ZONA 1, BARRIO SAN FRANCISCO.;79278625;JUAN FRANCISCO OLIVA ESTRADA;ODWED ANTONIO ALVAREZ ARENAS;DIVERSIFICADO;PRIVADO;URBANA;ABIERTA;MONOLINGUE;MATUTINA;DIARIO(REGULAR);PETÉN
17-12-0133-46;17-022;PETEN;POPTUN;"LICEO CRISTIANO CON ORIENTACION UNIVERSITARIA ""EL SHADDAI""";BULEVAR 25 DE JUNIO Y 9A. AVENIDA ZONA 1, BARRIO SAN FRANCISCO.;79278625;JUAN FRANCISCO OLIVA ESTRADA;GLADYS AZUCENA GÓMEZ SALAS;DIVERSIFICADO;PRIVADO;URBANA;ABIERTA;MONOLINGUE;DOBLE;FIN DE SEMANA;PETÉN
17-12-0145-46;17-022;PETEN;POPTUN;LICEO CRISTIANO CON ORIENTACION UNIVERSITARIA EL SHADDAI;BOULEVARD 25 DE JUNIO 9AV ZONA 1 BARRIO SAN FRANCISCO;79278625;JUAN FRANCISCO OLIVA ESTRADA;FERMINA CÓRDOVA PELÁES;DIVERSIFICADO;PRIVADO;URBANA;ABIERTA;MONOLINGUE;DOBLE;DIARIO(REGULAR);PETÉN
17-12-0149-46;17-022;PETEN;POPTUN;"CENTRO DE ESTUDIOS PREUNIVERSITARIOS ""MONTE SION""";10M.AV.ZONA 3 BARRIO SANTA MARIA;49139861;JUAN FRANCISCO OLIVA ESTRADA;HENRY FRANCISCO RUIZ BARRIOS;DIVERSIFICADO;PRIVADO;URBANA;ABIERTA;MONOLINGUE;VESPERTINA;DIARIO(REGULAR);PETÉN
17-12-0152-46;17-022;PETEN;POPTUN;CENTRO DE ESTUDIOS PREUNIVERSITARIOS MONTE SION;BARRIO SANTA MARIA;42221946;JUAN FRANCISCO OLIVA ESTRADA;HENRY FRANCISCO RUIZ BARRIOS;DIVERSIFICADO;PRIVADO;URBANA;ABIERTA;MONOLINGUE;DOBLE;DIARIO(REGULAR);PETÉN
17-12-0156-46;17-022;PETEN;POPTUN;COLEGIO MIXTO PRIVADO SAN PEDRO MARTIR DE VERONA;3RA.CALLE A 7-13-NONA 1;79277745;JUAN FRANCISCO OLIVA ESTRADA;FRANCISCO CASTELLANOS MATUS;DIVERSIFICADO;PRIVADO;URBANA;ABIERTA;MONOLINGUE;DOBLE;DIARIO(REGULAR);PETÉN
17-12-0173-46;17-022;PETEN;POPTUN;COLEGIO MIXTO PRIVADO SAN PEDRO MARTIR DE VERONA;3RA.CALLE A.7-13 ZONA 1;41511141;JUAN FRANCISCO OLIVA ESTRADA;RAMÓN FRANCISCO CASTELLANOS MATUS;DIVERSIFICADO;PRIVADO;URBANA;ABIERTA;MONOLINGUE;MATUTINA;DIARIO(REGULAR);PETÉN
17-12-0174-46;17-022;PETEN;POPTUN;COLEGIO MIXTO PRIVADO SAN PEDRO MARTIR DE VERONA;3RACALLE A.7-13-ZONA 1;42190516;JUAN FRANCISCO OLIVA ESTRADA;RAMÓN FRANCISCO CASTELLANOS MATUS;DIVERSIFICADO;PRIVADO;URBANA;ABIERTA;MONOLINGUE;SIN JORNADA;SEMIPRESENCIAL (UN DÍA A LA SEMANA);PETÉN
17-12-0176-46;17-022;PETEN;POPTUN;LICEO CRISTIANO CON ORIENTACION UNIVERSITARIA EL SHADDAI;BOULEVARD 25 DE JUNIO Y 9A.AV. ZONA I BARRIO SAN FRANCISCO;79278626;JUAN FRANCISCO OLIVA ESTRADA;GLADYS AZUCENA GÓMEZ SALAS;DIVERSIFICADO;PRIVADO;URBANA;ABIERTA;MONOLINGUE;SIN JORNADA;SEMIPRESENCIAL (UN DÍA A LA SEMANA);PETÉN
17-12-0178-46;17-022;PETEN;POPTUN;LICEO CIENCIA Y DESARROLLO CON ORIENTACION TECNICA Y CIENTIFICA;BARRIO EL CENTRO;44850196;JUAN FRANCISCO OLIVA ESTRADA;CARLOS HUMBERTO MARROQUIN MARTINEZ;DIVERSIFICADO;PRIVADO;URBANA;ABIERTA;MONOLINGUE;SIN JORNADA;SEMIPRESENCIAL (UN DÍA A LA SEMANA);PETÉN
17-12-0397-46;17-022;PETEN;POPTUN;ESCUELA NACIONAL DE CIENCIAS COMERCIALES;AVENIDA 15 DE SEPTIEMBRE 0-41 ZONA 2;79278072;JUAN FRANCISCO OLIVA ESTRADA;JOSEFINA FRANCO SALAS;DIVERSIFICADO;OFICIAL;URBANA;ABIERTA;MONOLINGUE;VESPERTINA;DIARIO(REGULAR);PETÉN
17-12-0398-46;17-022;PETEN;POPTUN;INSTITUTO DE CAPACITACION ADVENTISTA DEL PETEN;ALDEA LAS LAJAS;40690158;JUAN FRANCISCO OLIVA ESTRADA;SHIRLEY DANELLY LOPEZ HERNANDEZ;DIVERSIFICADO;PRIVADO;RURAL;ABIERTA;MONOLINGUE;MATUTINA;DIARIO(REGULAR);PETÉN
17-12-1046-46;17-022;PETEN;POPTUN;COLEGIO MIXTO PRIVADO SAN PEDRO MARTIR DE VERONA;3A. CALLE A 7-13 ZONA 1;79277745;JUAN FRANCISCO OLIVA ESTRADA;RAMÓN FRANCISCO CASTELLANOS MATUS;DIVERSIFICADO;PRIVADO;URBANA;ABIERTA;MONOLINGUE;VESPERTINA;DIARIO(REGULAR);PETÉN
17-12-2962-46;17-022;PETEN;POPTUN;LICEO CIENCIA Y DESARROLLO CON ORIENTACION TECNICA Y CIENTIFICA;AV. 15 DE SEPTIEMBRE, FRENTE AL HOSPITAL;41676906;JUAN FRANCISCO OLIVA ESTRADA;CARLOS HUMBERTO MARROQUIN MARTINEZ;DIVERSIFICADO;PRIVADO;URBANA;ABIERTA;MONOLINGUE;DOBLE;FIN DE SEMANA;PETÉN
17-12-3710-46;17-022;PETEN;POPTUN;INSTITUTO DE MAGISTERIO EDUCACION PRIMARIA INTERCULTURAL POR COOPERATIVA;BARRIO IXOBEL ZONA 6;;JUAN FRANCISCO OLIVA ESTRADA;MARIO ANIBAL LOPEZ TEJADA;DIVERSIFICADO;COOPERATIVA;URBANA;CERRADA TEMPORALMENTE;MONOLINGUE;VESPERTINA;DIARIO(REGULAR);PETÉN
17-12-3712-46;17-022;PETEN;POPTUN;INSTITUTO DIVERSIFICADO POR COOPERATIVA;ALDEA MACHAQUILA;78674770;JUAN FRANCISCO OLIVA ESTRADA;VALENTÍN CHUB CUCUL;DIVERSIFICADO;COOPERATIVA;RURAL;ABIERTA;MONOLINGUE;VESPERTINA;DIARIO(REGULAR);PETÉN
17-12-3732-46;17-022;PETEN;POPTUN;INSTITUTO NORMAL POR COOPERATIVA MAGISTERIO PRIMARIA INTERCULTURAL;BARRIO EL PORVENIR;;JUAN FRANCISCO OLIVA ESTRADA;HUMBERTO BELIZARIO ASTUDILLO ADAUTO;DIVERSIFICADO;COOPERATIVA;RURAL;CERRADA TEMPORALMENTE;MONOLINGUE;INTERMEDIA;DIARIO(REGULAR);PETÉN
17-12-4099-46;17-022;PETEN;POPTUN;CENTRO EDUCATIVO EL BOSQUE;7A. AVENIDA BARRIO EL BOSQUE ZONA 2;79276100;JUAN FRANCISCO OLIVA ESTRADA;RUDY FERNANDO BOLAÑOS ALDANA;DIVERSIFICADO;PRIVADO;URBANA;ABIERTA;MONOLINGUE;VESPERTINA;DIARIO(REGULAR);PETÉN
17-13-0099-46;17-026;PETEN;LAS CRUCES;"COLEGIO PRIVADO MIXTO ""JESÚS EL DIVINO MAESTRO"" -JEDIMA-";ALDEA BETHANIA;45287229;RODOLFO MEDINA;GREYSI GUADALUPE PAZ LÓPEZ;DIVERSIFICADO;PRIVADO;RURAL;ABIERTA;MONOLINGUE;VESPERTINA;DIARIO(REGULAR);PETÉN
17-13-0100-46;17-026;PETEN;LAS CRUCES;"COLEGIO PRIVADO MIXTO "" JESÚS EL DIVINO MAESTRO"" -JEDIMA-";ALDEA BETHANIA LAS CRUCES, PETEN;45287229;RODOLFO MEDINA;GREYSI GUADALUPE PAZ LÓPEZ;DIVERSIFICADO;PRIVADO;RURAL;ABIERTA;MONOLINGUE;VESPERTINA;DIARIO(REGULAR);PETÉN
17-13-0103-46;17-025;PETEN;LAS CRUCES;"COLEGIO PRIVADO MIXTO ""JEDIMA""";ALDEA PALESTINA, LAS CRUCES, PETEN;48045807;MARIO ORLANDO ZELAYA DARDON;ELIDA ELIZABETH PEREZ AZ;DIVERSIFICADO;PRIVADO;RURAL;ABIERTA;MONOLINGUE;VESPERTINA;DIARIO(REGULAR);PETÉN
17-13-0104-46;17-026;PETEN;LAS CRUCES;COLEGIO PRIVADO MIXTO EL DIVINO MAESTRO;ZONA 3;40094596;RODOLFO MEDINA;HENRY ADALBERTO MEDRANO NAJARRO;DIVERSIFICADO;PRIVADO;RURAL;CERRADA TEMPORALMENTE;MONOLINGUE;VESPERTINA;DIARIO(REGULAR);PETÉN
17-13-0105-46;17-025;PETEN;LAS CRUCES;COLEGIO ADVENTISTA GETSEMANI;ZONA 1;30376084;MARIO ORLANDO ZELAYA DARDON;DÁLIDA ANAYANZA HERNÁNDEZ RAMÍREZ;DIVERSIFICADO;PRIVADO;RURAL;ABIERTA;MONOLINGUE;VESPERTINA;DIARIO(REGULAR);PETÉN
17-13-0107-46;17-025;PETEN;LAS CRUCES;INSTITUTO MUNICIPAL DE EDUCACION MEDIA;ZONA 1;40897025;MARIO ORLANDO ZELAYA DARDON;DURVI ROCIO ELVIRA CONTRERAS;DIVERSIFICADO;MUNICIPAL;RURAL;ABIERTA;MONOLINGUE;VESPERTINA;DIARIO(REGULAR);PETÉN
17-13-0108-46;17-044;PETEN;LAS CRUCES;INSTITUTO MUNICIPAL DE EDUCACION MEDIA;ZONA 1;58082806;MARIO ZELAYA DARDON;JUAN CARLOS MONZON LUTIN;DIVERSIFICADO;MUNICIPAL;RURAL;CERRADA TEMPORALMENTE;MONOLINGUE;DOBLE;FIN DE SEMANA;PETÉN
17-13-0112-46;17-025;PETEN;LAS CRUCES;INSTITUTO MUNICIPAL DE EDUCACION MEDIA;ALDEA PALESTINA;58082806;MARIO ORLANDO ZELAYA DARDON;NIRMA YINETH ESTRADA DONIS;DIVERSIFICADO;MUNICIPAL;RURAL;ABIERTA;MONOLINGUE;VESPERTINA;DIARIO(REGULAR);PETÉN
17-13-0113-46;17-043;PETEN;LAS CRUCES;INSTITUTO MIXTO DE EDUCACIÓN BILINGUE INTERCULTURAL -IMEBI-;ALDEA VISTA HERMOSA;79261005;DOMINGA GARCIA RAYMUNDO;ANDRÉS DOMINGO PAIZ;DIVERSIFICADO;PRIVADO;RURAL;CERRADA TEMPORALMENTE;MONOLINGUE;DOBLE;FIN DE SEMANA;PETÉN
17-13-0117-46;17-025;PETEN;LAS CRUCES;"COLEGIO DE CIENCIAS COMERCIALES ""LAS CRUCES""";2 AVE. 2 CALLE ZONA 1;53323553;MARIO ORLANDO ZELAYA DARDON;PEDRO OCIEL JAIME RIVAS;DIVERSIFICADO;PRIVADO;URBANA;ABIERTA;MONOLINGUE;DOBLE;FIN DE SEMANA;PETÉN
17-13-0118-46;17-044;PETEN;LAS CRUCES;"COLEGIO DE CIENCIAS COMERCIALES ""LAS CRUCES""";2 AVE. 2 CALLE ZONA 1;53323553;MARIO ZELAYA DARDON;ARACELI SANDOVAL VÁSQUEZ;DIVERSIFICADO;PRIVADO;URBANA;CERRADA TEMPORALMENTE;MONOLINGUE;MATUTINA;DIARIO(REGULAR);PETÉN
17-13-0119-46;17-025;PETEN;LAS CRUCES;"COLEGIO DE CIENCIAS COMERCIALES ""LAS CRUCES""";2 AVE. 2 CALLE ZONA 1;53323553;MARIO ORLANDO ZELAYA DARDON;PEDRO OCIEL JAIME RIVAS;DIVERSIFICADO;PRIVADO;URBANA;ABIERTA;MONOLINGUE;VESPERTINA;DIARIO(REGULAR);PETÉN
17-13-0120-46;17-026;PETEN;LAS CRUCES;"COLEGIO DE CIENCIAS COMERCIALES ""LAS CRUCES""";2 AVE. 2 CALLE ZONA 1;53323553;RODOLFO MEDINA;ARACELI SANDOVAL VÁSQUEZ;DIVERSIFICADO;PRIVADO;URBANA;CERRADA TEMPORALMENTE;MONOLINGUE;MATUTINA;DIARIO(REGULAR);PETÉN
17-13-0122-46;17-026;PETEN;LAS CRUCES;"CENTRO EDUCATIVO TECNOLÓGICO DE FORMACIÓN INTEGRAL ""CETFI""";CASERIO VISTA HERMOSA;46026222;RODOLFO MEDINA;MARIO ORLANDO ZELAYA DARDON;DIVERSIFICADO;PRIVADO;RURAL;CERRADA TEMPORALMENTE;MONOLINGUE;VESPERTINA;DIARIO(REGULAR);PETÉN
17-13-0125-46;17-026;PETEN;LAS CRUCES;INSTITUTO NACIONAL DE EDUCACIÓN DIVERSIFICADA;COOPERATIVA UNION MAYA ITZA;31618299;RODOLFO MEDINA;JESÚS POOB BELIX;DIVERSIFICADO;OFICIAL;RURAL;ABIERTA;MONOLINGUE;MATUTINA;DIARIO(REGULAR);PETÉN
17-13-0126-46;17-026;PETEN;LAS CRUCES;COLEGIO PRIVADO MIXTO JESUS EL DIVINO MAESTRO;ALDEA BETHANIA;45287229;RODOLFO MEDINA;GREYSI GUADALUPE PAZ LÓPEZ;DIVERSIFICADO;PRIVADO;RURAL;ABIERTA;MONOLINGUE;DOBLE;FIN DE SEMANA;PETÉN
17-13-0129-46;17-044;PETEN;LAS CRUCES;COLEGIO PRIVADO MIXTO JESUS EL DIVINO MAESTRO- GEDIMA;ALDEA BETHANIA;45287229;MARIO ZELAYA DARDON;NOE MOISES XO PAAN;DIVERSIFICADO;PRIVADO;RURAL;ABIERTA;MONOLINGUE;DOBLE;FIN DE SEMANA;PETÉN
17-13-0131-46;17-043;PETEN;LAS CRUCES;IMEBI;CASERIO VISTA HERMOS;79262582;DOMINGA GARCIA RAYMUNDO;LADISLAO SALVADOR HERNÁNDEZ LUCAS;DIVERSIFICADO;PRIVADO;RURAL;ABIERTA;MONOLINGUE;VESPERTINA;DIARIO(REGULAR);PETÉN
17-13-0135-46;17-026;PETEN;LAS CRUCES;CENTRO EDUCATIVO YAXTUNILHA;3A.CALLE ZONA 3;30854215;RODOLFO MEDINA;NIDIA ESTER GALICIA ALVARADO;DIVERSIFICADO;PRIVADO;URBANA;ABIERTA;MONOLINGUE;MATUTINA;DIARIO(REGULAR);PETÉN
17-13-0136-46;17-026;PETEN;LAS CRUCES;CENTRO EDUCATIVO YAXTUNILHA;3RA.CALLE ZONA 3;30854215;RODOLFO MEDINA;NIDIA ESTER GALICIA ALVARADO;DIVERSIFICADO;PRIVADO;URBANA;ABIERTA;MONOLINGUE;MATUTINA;DIARIO(REGULAR);PETÉN
17-13-0137-46;17-025;PETEN;LAS CRUCES;INSTITUTO DIVERSIFICADO POR COOPERATIVA DE ENSEÑANZA;ZONA 3 LAS CRUCES;49187080;MARIO ORLANDO ZELAYA DARDON;RUTH ABIGAIL MENDEZ AGUILAR;DIVERSIFICADO;COOPERATIVA;URBANA;ABIERTA;MONOLINGUE;VESPERTINA;DIARIO(REGULAR);PETÉN
17-13-0138-46;17-026;PETEN;LAS CRUCES;"COLEGIO PRIVADO MIXTO ""EL BUEN PASTOR""";CASERIO RETALTECO;40122056;RODOLFO MEDINA;ELICEO POOU XOL;DIVERSIFICADO;PRIVADO;RURAL;ABIERTA;MONOLINGUE;VESPERTINA;DIARIO(REGULAR);PETÉN
17-13-0145-46;17-025;PETEN;LAS CRUCES;"COLEGIO PRIVADO MIXTO ""SUPERA CION Y ESPERANZA""";ALDEA PALESTINA;36051122;MARIO ORLANDO ZELAYA DARDON;MARIA CALENDELARIA GARCIA BATRES;DIVERSIFICADO;PRIVADO;RURAL;ABIERTA;MONOLINGUE;VESPERTINA;DIARIO(REGULAR);PETÉN
17-13-0148-46;17-025;PETEN;LAS CRUCES;COLEGIO DE CIENCIAS COMERCIALES LAS CRUCES;12 AV. 2DA, CALLE ZONA 1;57070663;MARIO ORLANDO ZELAYA DARDON;PEDRO OCIEL JAIME RIVAS;DIVERSIFICADO;PRIVADO;RURAL;ABIERTA;MONOLINGUE;SIN JORNADA;SEMIPRESENCIAL (UN DÍA A LA SEMANA);PETÉN
17-13-0150-46;17-025;PETEN;LAS CRUCES;COLEGIO PRIVADO MIXTO EL BUEN PASTOR;CASERIO RETALTECO;40122056;MARIO ORLANDO ZELAYA DARDON;ELICEO POOU XOL;DIVERSIFICADO;PRIVADO;RURAL;ABIERTA;MONOLINGUE;SIN JORNADA;SEMIPRESENCIAL (UN DÍA A LA SEMANA);PETÉN
17-13-0152-46;17-025;PETEN;LAS CRUCES;COLEGIO PRIVADO MIXTO JESUS EL DIVINO MAESTRO-JEDIMA-;CASERIO BETHANIA;40311962;MARIO ORLANDO ZELAYA DARDON;GREYSI GUADALUPE PAZ LÓPEZ;DIVERSIFICADO;PRIVADO;RURAL;ABIERTA;MONOLINGUE;SIN JORNADA;SEMIPRESENCIAL (UN DÍA A LA SEMANA);PETÉN
17-13-0154-46;17-025;PETEN;LAS CRUCES;COLEGIO PRIVADO MIXTO JESUS EL DIVINO MAESTRO;ALDEA BETHANIA;40311962;MARIO ORLANDO ZELAYA DARDON;GREYSI GUADALUPE PAZ LÓPEZ;DIVERSIFICADO;PRIVADO;RURAL;ABIERTA;MONOLINGUE;DOBLE;FIN DE SEMANA;PETÉN
17-14-0024-46;17-013;PETEN;EL CHAL;LICEO EDUCATIVO SALEM;CABECERA MUNICIPAL;30637047;BRAULIO AMILCAR CHAN TESUCUN;BEATRIZ ARMINDA ESQUIVEL RUANO;DIVERSIFICADO;PRIVADO;URBANA;ABIERTA;MONOLINGUE;VESPERTINA;DIARIO(REGULAR);PETÉN
17-14-0028-46;17-013;PETEN;EL CHAL;ESCUELA DE COMERCIO;CABECERA MUNICIPAL;41878066;BRAULIO AMILCAR CHAN TESUCUN;VICTORIANO TRINIDAD CANCHÁN MÉNDEZ;DIVERSIFICADO;PRIVADO;URBANA;ABIERTA;MONOLINGUE;VESPERTINA;DIARIO(REGULAR);PETÉN
17-14-0032-46;17-013;PETEN;EL CHAL;"CENTRO EDUCATIVO TECNICO PORTILLO ""CETPORT""";CABECERA MUNICIPAL;57851111;BRAULIO AMILCAR CHAN TESUCUN;YURI ADALÍ CORNELIO RAMIREZ;DIVERSIFICADO;PRIVADO;URBANA;ABIERTA;MONOLINGUE;VESPERTINA;DIARIO(REGULAR);PETÉN
17-14-0034-46;17-013;PETEN;EL CHAL;INSTITUTO NACIONAL DE EDUCACION DIVERSIFICADA- INED-;CABECERA MUNICIPAL;48079374;BRAULIO AMILCAR CHAN TESUCUN;ERIKA YANETH BREGANZA PALACIOS;DIVERSIFICADO;OFICIAL;URBANA;ABIERTA;MONOLINGUE;VESPERTINA;DIARIO(REGULAR);PETÉN
17-14-0076-46;17-013;PETEN;EL CHAL;COLEGIO EDUCATIVO DIVERSIFICADO LAS FLORES- CEDIF-;COOPERATIVA LAS FLORES;58502152;BRAULIO AMILCAR CHAN TESUCUN;ELVIN ALEXANDER LÓPEZ INTERIANO;DIVERSIFICADO;PRIVADO;RURAL;ABIERTA;MONOLINGUE;VESPERTINA;DIARIO(REGULAR);PETÉN
17-14-0080-46;17-013;PETEN;EL CHAL;COLEGIO EDUCATIVO DIVERSIFICADO LAS FLORES -CEDIF-;COOPERATIVA LAS FLORES;56984314;BRAULIO AMILCAR CHAN TESUCUN;ELVIN ALEXANDER LÓPEZ INTERIANO;DIVERSIFICADO;PRIVADO;RURAL;ABIERTA;MONOLINGUE;DOBLE;FIN DE SEMANA;PETÉN
17-14-0084-46;17-013;PETEN;EL CHAL;"CENTRO EDUCATIVO TÉCNICO PORTILLO ""CETPORT""";EL CHAL;57851111;BRAULIO AMILCAR CHAN TESUCUN;YURI ADALÍ CORNELIO RAMIREZ;DIVERSIFICADO;PRIVADO;URBANA;ABIERTA;MONOLINGUE;DOBLE;FIN DE SEMANA;PETÉN
17-14-0086-46;17-013;PETEN;EL CHAL;LICEO EDUCATIVO SALEM;AREA CENTRAL-EL CHAL;58895449;BRAULIO AMILCAR CHAN TESUCUN;BEATRIZ ARMINDA ESQUIVEL RUANO;DIVERSIFICADO;PRIVADO;URBANA;ABIERTA;MONOLINGUE;DOBLE;FIN DE SEMANA;PETÉN
17-14-0089-46;17-013;PETEN;EL CHAL;INSTITUTO NACIONAL DE EDUCACION DIVERSIFICADO-INED-;CASERIO AGRICULTORES UNIDOS;47032972;BRAULIO AMILCAR CHAN TESUCUN;ABELINO CASTRO SAMAYOA;DIVERSIFICADO;OFICIAL;RURAL;ABIERTA;MONOLINGUE;VESPERTINA;DIARIO(REGULAR);PETÉN
17-14-0090-46;17-013;PETEN;EL CHAL;INSTITUTO NACIONAL DE EDUCACION DIVERSIFICADO-INED-;CASERIO SANTA AMELIA;42727176;BRAULIO AMILCAR CHAN TESUCUN;INGRIS MARILIS TELÓN DUARTE;DIVERSIFICADO;OFICIAL;RURAL;CERRADA TEMPORALMENTE;MONOLINGUE;VESPERTINA;DIARIO(REGULAR);PETÉN
17-14-0099-46;17-013;PETEN;EL CHAL;"LICEO EDUCATIVO SALEM ""LICES""";BARRIO EL PARAISO;49194715;BRAULIO AMILCAR CHAN TESUCUN;BEATRIZ ARMINDA ESQUIVEL RUANO;DIVERSIFICADO;PRIVADO;URBANA;ABIERTA;MONOLINGUE;SIN JORNADA;FIN DE SEMANA;PETÉN
17-14-0100-46;17-013;PETEN;EL CHAL;CENTRO EDUCATIVO TECNICO PORTILLO- CETPORT-;EL CHAL;57851111;BRAULIO AMILCAR CHAN TESUCUN;YURI ADALÍ CORNELIO RAMIREZ;DIVERSIFICADO;PRIVADO;URBANA;ABIERTA;MONOLINGUE;SIN JORNADA;SEMIPRESENCIAL (UN DÍA A LA SEMANA);PETÉN
17-14-0102-46;17-013;PETEN;EL CHAL;COLEGIO EDUCATIVO DIVERSIFICADO LAS FLORES -CEDIF-;COOPERATIVA LAS FLOREZ;47526661;BRAULIO AMILCAR CHAN TESUCUN;ELVIN ALEXANDER LÓPEZ INTERIANO;DIVERSIFICADO;PRIVADO;RURAL;ABIERTA;MONOLINGUE;SIN JORNADA;SEMIPRESENCIAL (UN DÍA A LA SEMANA);PETÉN
